state,year,same_sex,coef,_se
Alabama,2008,TRUE,0.00572713782229658,0.00364675827875363
Alabama,2009,TRUE,0.00391305282634947,0.00281868444992874
Alabama,2010,TRUE,0.0058375383397645,0.0034063904994554
Alabama,2011,TRUE,0.00212799086520998,0.00212928552270577
Alabama,2012,TRUE,0.01072669073078655,0.00753426910077774
Alabama,2013,TRUE,0.00268749476351528,0.00193076629198806
Alabama,2014,FALSE,0,0
Alabama,2015,FALSE,0,0
Alabama,2016,TRUE,0.00496446105371174,0.00305136028449485
Alabama,2017,TRUE,0.01338810284497218,0.01091271599347814
Alabama,2018,TRUE,0.00422120750888776,0.00247949946968164
Alabama,2019,TRUE,0.00625331953136869,0.00365546029061934
Alabama,2021,TRUE,0.00863043767851712,0.00408080466672994
Alabama,2022,TRUE,0.00698984620765432,0.00362097227845439
Alaska,2008,TRUE,0.01612433220009722,0.01255106254895624
Alaska,2009,TRUE,0.0032189531972207,0.00322921579135048
Alaska,2010,FALSE,0,0
Alaska,2011,FALSE,0,0
Alaska,2012,TRUE,0.00869628233977173,0.0086862965944601
Alaska,2013,FALSE,0,0
Alaska,2014,TRUE,0.00275963054798649,0.0027780860409625
Alaska,2015,FALSE,0,0
Alaska,2016,TRUE,0.01365659070952107,0.00970115024324129
Alaska,2017,FALSE,0,0
Alaska,2018,TRUE,0.0100872578748966,0.0100627257239838
Alaska,2019,TRUE,0.02623211446741027,0.02580672530010756
Alaska,2021,FALSE,0,0
Alaska,2022,TRUE,0.00627721542678914,0.00628963395540243
Arizona,2008,TRUE,0.00384404173551806,0.00121902968850205
Arizona,2009,TRUE,0.00805206181900176,0.00226109394223918
Arizona,2010,TRUE,0.00493193767174625,0.00176687559501252
Arizona,2011,TRUE,0.0060623488351939,0.00183527450204186
Arizona,2012,TRUE,0.0016291791317422,6.936124059600733e-4
Arizona,2013,TRUE,0.00369239954939054,9.813352939751895e-4
Arizona,2014,TRUE,0.00338404035219505,0.00122368254520778
Arizona,2015,TRUE,0.00482731183942542,0.00133450422075964
Arizona,2016,TRUE,0.0097898544232086,0.00222995639722
Arizona,2017,TRUE,0.00784495572282791,0.00201170053659347
Arizona,2018,TRUE,0.00824155867509404,0.00206969612653074
Arizona,2019,TRUE,0.00625634929613005,0.00180741433309831
Arizona,2021,TRUE,0.01135211399748511,0.00264430838908676
Arizona,2022,TRUE,0.00583991365108216,0.00187949571566196
Arkansas,2008,TRUE,0.01144513069697835,0.00717656739501922
Arkansas,2009,FALSE,0,0
Arkansas,2010,TRUE,0.012363996043525,0.00868386470587484
Arkansas,2011,FALSE,0,0
Arkansas,2012,TRUE,0.00290213723420113,0.00290108503434632
Arkansas,2013,FALSE,0,0
Arkansas,2014,TRUE,0.0088375829849515,0.00478573192558347
Arkansas,2015,TRUE,0.00146886016451517,0.00147041361004171
Arkansas,2016,TRUE,0.00236945437549392,0.00236951518596021
Arkansas,2017,TRUE,2.564157353789683e-4,2.569289172873504e-4
Arkansas,2018,TRUE,0.00559229440835047,0.00269188624474482
Arkansas,2019,TRUE,9.16498978961924e-4,9.177836577486648e-4
Arkansas,2021,TRUE,0.00549896513940186,0.00330141860372894
Arkansas,2022,TRUE,0.00838150867452418,0.00406591317744432
California,2008,TRUE,0.00460308215290471,4.3862979245275566e-4
California,2009,TRUE,0.0046832928932131,4.3743903182645344e-4
California,2010,TRUE,0.00465810723549693,4.1232825019241545e-4
California,2011,TRUE,0.00486759783546811,5.015769511528621e-4
California,2012,TRUE,0.0047935291944063,4.630153962425611e-4
California,2013,TRUE,0.00643946973890867,5.452410281984325e-4
California,2014,TRUE,0.00700941704137846,5.389417253335034e-4
California,2015,TRUE,0.00839632330331996,6.107055945173696e-4
California,2016,TRUE,0.00921958052731134,6.426077404793553e-4
California,2017,TRUE,0.00801372203004561,5.665086846185247e-4
California,2018,TRUE,0.01015522775039848,6.715289471680053e-4
California,2019,TRUE,0.01115741683392677,7.331641416015192e-4
California,2021,TRUE,0.013363272069961,8.907208402169445e-4
California,2022,TRUE,0.01108164499189479,7.90999016274746e-4
Colorado,2008,TRUE,0.01059328939574684,0.00311495995117544
Colorado,2009,TRUE,0.00558584238209986,0.00245172618291026
Colorado,2010,TRUE,9.288501018604828e-4,9.284786670682518e-4
Colorado,2011,TRUE,0.00273273480325065,0.00135977996762124
Colorado,2012,TRUE,0.00480437536848321,0.00202984432617252
Colorado,2013,TRUE,0.00582730214591759,0.00169829658586062
Colorado,2014,TRUE,0.00791439014184232,0.00256202818844127
Colorado,2015,TRUE,0.00676229167967971,0.00221010777745601
Colorado,2016,TRUE,0.00726519421522308,0.0023797688893907
Colorado,2017,TRUE,0.00788304341560054,0.00287920058003467
Colorado,2018,TRUE,0.00632561721010091,0.00178151100222648
Colorado,2019,TRUE,0.01862148253427959,0.00415082013600351
Colorado,2021,TRUE,0.00312951652969972,0.0016186247756837999
Colorado,2022,TRUE,0.01025841260846679,0.00288419613690026
Connecticut,2008,TRUE,5.264162241715223e-4,5.264032482036086e-4
Connecticut,2009,TRUE,0.01082105350852181,0.00452182651473268
Connecticut,2010,TRUE,0.00291148032660401,0.0014123359061013
Connecticut,2011,TRUE,0.00502577990729775,0.00202170584697645
Connecticut,2012,TRUE,0.00366409639528585,0.00140690284770191
Connecticut,2013,TRUE,0.00614521282271776,0.00216180734081673
Connecticut,2014,TRUE,0.00444912847569585,0.00228159564938323
Connecticut,2015,TRUE,0.0053769635518688,0.00156650728158759
Connecticut,2016,TRUE,0.00160198193155644,9.938206573022496e-4
Connecticut,2017,TRUE,0.00975050702735442,0.00261520425656165
Connecticut,2018,TRUE,0.00596089102061522,0.00167687847031459
Connecticut,2019,TRUE,0.00892808798377155,0.00254391539866286
Connecticut,2021,TRUE,0.01531773075403008,0.00377456320640487
Connecticut,2022,TRUE,0.00874884337228406,0.00235393810889956
Delaware,2008,TRUE,0.00384436652454747,0.00306500562270267
Delaware,2009,TRUE,0.00976313778835388,0.00572943639222795
Delaware,2010,TRUE,0.0094072311020437591,0.00553234330979634
Delaware,2011,TRUE,0.00353599505670968,0.00353561002770792
Delaware,2012,FALSE,0,0
Delaware,2013,FALSE,0,0
Delaware,2014,TRUE,0.03324403312226538,0.01486713458044482
Delaware,2015,TRUE,0.00155922038980996,0.00156084647967935
Delaware,2016,TRUE,0.00866414618919453,0.00739990866528748
Delaware,2017,TRUE,0.01410129772812507,0.00828144737720743
Delaware,2018,FALSE,0,0
Delaware,2019,FALSE,0,0
Delaware,2021,TRUE,0.00690622938827612,0.00449805942374245
Delaware,2022,TRUE,0.00794962123335567,0.00453928405931557
District of Columbia,2008,TRUE,0.02706559482594201,0.01034704263124391
District of Columbia,2009,TRUE,0.03882822902796361,0.01257221568305672
District of Columbia,2010,TRUE,0.00403171616737073,0.00402696270512005
District of Columbia,2011,TRUE,0.0491237249494021,0.02448138265607861
District of Columbia,2012,TRUE,0.03764809126810084,0.01362917070089784
District of Columbia,2013,TRUE,0.03472412309858377,0.01486765897676156
District of Columbia,2014,TRUE,0.0245637648485652,0.01007715112943423
District of Columbia,2015,TRUE,0.03239412856420731,0.01354417738536185
District of Columbia,2016,TRUE,0.06424166731774904,0.01810928798901358
District of Columbia,2017,TRUE,0.10475480053467114,0.02016493838424224
District of Columbia,2018,TRUE,0.08166588114315335,0.02120393799339153
District of Columbia,2019,TRUE,0.09173451553774722,0.01969451663211491
District of Columbia,2021,TRUE,0.05566905009531208,0.01454695615114776
District of Columbia,2022,TRUE,0.0763335724263286,0.0180978911456169
Florida,2008,TRUE,0.00552111028117471,9.50537269723956e-4
Florida,2009,TRUE,0.00606379847243092,8.533260788103551e-4
Florida,2010,TRUE,0.00596015045237374,7.921973017055666e-4
Florida,2011,TRUE,0.00702803244672434,0.00116830422212979
Florida,2012,TRUE,0.00623705512039641,0.00110502590840248
Florida,2013,TRUE,0.00726468802953928,8.864197344800017e-4
Florida,2014,TRUE,0.00786928190959678,9.004613011721857e-4
Florida,2015,TRUE,0.00738521455578846,8.737306396739996e-4
Florida,2016,TRUE,0.01100730322426239,0.00105481856638515
Florida,2017,TRUE,0.01265690322736444,0.00115942467512283
Florida,2018,TRUE,0.01291051502418826,0.00115362297264049
Florida,2019,TRUE,0.01569662616811421,0.00151352031547001
Florida,2021,TRUE,0.02007894168860264,0.00183927422306879
Florida,2022,TRUE,0.01871980899486723,0.00146118233776777
Georgia,2008,TRUE,0.00158247359120066,6.788739666683063e-4
Georgia,2009,TRUE,0.00506159226025087,0.00128999270420199
Georgia,2010,TRUE,0.00154307092849803,6.623789536458177e-4
Georgia,2011,TRUE,0.00299836395793588,0.00109252191815957
Georgia,2012,TRUE,0.00510253170240513,0.00127215054052778
Georgia,2013,TRUE,0.00433200762178708,0.00111220887399492
Georgia,2014,TRUE,0.00601310449818263,0.00137194829242086
Georgia,2015,TRUE,0.0042184197968611,0.00149256515276962
Georgia,2016,TRUE,0.00649112749222498,0.00188423683523149
Georgia,2017,TRUE,0.01337102168028022,0.00242795928959059
Georgia,2018,TRUE,0.00851186103852602,0.00213578868243908
Georgia,2019,TRUE,0.00526138298426543,0.001381929237367
Georgia,2021,TRUE,0.00766413784423334,0.00179107484493332
Georgia,2022,TRUE,0.00445387170708774,0.00105130976104044
Hawaii,2008,TRUE,0.00425738119144578,0.00226323440955496
Hawaii,2009,TRUE,0.01157281429087238,0.00444513805176776
Hawaii,2010,TRUE,0.00534156329752598,0.00220621897140175
Hawaii,2011,TRUE,0.00354233593448362,0.00353400403281816
Hawaii,2012,TRUE,0.00932661817046075,0.00365108129757187
Hawaii,2013,TRUE,0.01296168653229522,0.00523847771268146
Hawaii,2014,TRUE,0.00772396427719076,0.00381653110486757
Hawaii,2015,TRUE,0.00526349368380796,0.00319227371522776
Hawaii,2016,TRUE,0.00502781517102845,0.00209094477945286
Hawaii,2017,TRUE,0.01353668590272202,0.00701506905838817
Hawaii,2018,TRUE,0.01362679937209962,0.00498051533736458
Hawaii,2019,TRUE,0.00753107403578819,0.00372030822469812
Hawaii,2021,TRUE,0.02537685538546248,0.00892239541704294
Hawaii,2022,TRUE,0.01408636341170146,0.00528339862216416
Idaho,2008,TRUE,0.00382619110998518,0.00382311600839181
Idaho,2009,FALSE,0,0
Idaho,2010,TRUE,0.00134584470463031,0.00134793955649221
Idaho,2011,FALSE,0,0
Idaho,2012,FALSE,0,0
Idaho,2013,TRUE,0.00365189403321933,0.00365131604621801
Idaho,2014,TRUE,0.00653497705504894,0.00651794911332505
Idaho,2015,FALSE,0,0
Idaho,2016,FALSE,0,0
Idaho,2017,TRUE,0.00321398949467174,0.00321499761073572
Idaho,2018,FALSE,0,0
Idaho,2019,TRUE,0.00157034103710865,0.00157463346190408
Idaho,2021,TRUE,0.00323213667341073,0.00323515611239403
Idaho,2022,FALSE,0,0
Illinois,2008,TRUE,0.00152212243099589,4.995036999642876e-4
Illinois,2009,TRUE,0.00482051920120289,0.00106345973754406
Illinois,2010,TRUE,0.00299143000797448,6.860247560255675e-4
Illinois,2011,TRUE,0.00332783345517941,8.964741857085463e-4
Illinois,2012,TRUE,0.00288591613326514,7.85389990594681e-4
Illinois,2013,TRUE,0.00633803306683773,0.00113543208354172
Illinois,2014,TRUE,0.00689486069822581,0.00140399851898621
Illinois,2015,TRUE,0.00833124711887104,0.00151162325230991
Illinois,2016,TRUE,0.00942568931748787,0.0018133693369172
Illinois,2017,TRUE,0.00764287636527768,0.00136672989999362
Illinois,2018,TRUE,0.00854486186351358,0.00154904483722016
Illinois,2019,TRUE,0.00588751196421877,0.00141593872976083
Illinois,2021,TRUE,0.01208878250311196,0.00179965115381365
Illinois,2022,TRUE,0.01080953789008864,0.00196187672583989
Indiana,2008,FALSE,0,0
Indiana,2009,TRUE,0.00713557599809061,0.00293245424742977
Indiana,2010,TRUE,0.00224542839613604,0.00224222578411041
Indiana,2011,TRUE,0.00307514498725852,0.00192199204006114
Indiana,2012,TRUE,0.00446295745314185,0.00272993992864768
Indiana,2013,TRUE,0.00792847669634767,0.00351138136927613
Indiana,2014,TRUE,0.00672714212344346,0.00256683347261932
Indiana,2015,TRUE,0.00575857649860106,0.00243628778598299
Indiana,2016,TRUE,0.00688538247268909,0.00376904264141867
Indiana,2017,TRUE,0.00259646267415434,0.0015611218628928
Indiana,2018,TRUE,0.0054449959042067,0.0021970556195468
Indiana,2019,TRUE,0.00272405570687569,0.00168794649228474
Indiana,2021,TRUE,0.00680523014391055,0.00306088114292297
Indiana,2022,TRUE,0.00573840041441926,0.00197513304323129
Iowa,2008,TRUE,0.00577154073770255,0.00409382134223495
Iowa,2009,FALSE,0,0
Iowa,2010,FALSE,0,0
Iowa,2011,TRUE,0.0012051096650152,0.00120832387533721
Iowa,2012,FALSE,0,0
Iowa,2013,TRUE,0.00840366573704562,0.0066497664066226
Iowa,2014,FALSE,0,0
Iowa,2015,TRUE,0.0128829503829505,0.01275824825183976
Iowa,2016,TRUE,0.00772794969430448,0.00545242116183668
Iowa,2017,TRUE,0.01253107054084178,0.00592872199004018
Iowa,2018,TRUE,0.01219359484081022,0.00701915631674934
Iowa,2019,TRUE,0.01224942477363388,0.00575927938387389
Iowa,2021,TRUE,0.01951058201463864,0.0084295233922984
Iowa,2022,FALSE,0,0
Kansas,2008,FALSE,0,0
Kansas,2009,TRUE,0.00104902746564782,0.00104939515019187
Kansas,2010,TRUE,0.01152867428004449,0.00762572252014872
Kansas,2011,TRUE,0.01434500607571772,0.00809050345948155
Kansas,2012,TRUE,0.00251130087334737,0.0017774148194541
Kansas,2013,TRUE,0.00960740841312995,0.00412980072905952
Kansas,2014,FALSE,0,0
Kansas,2015,TRUE,0.00220235955139607,0.00128378580437461
Kansas,2016,TRUE,0.01068446969196285,0.00454760378468123
Kansas,2017,TRUE,0.00848026623173433,0.00628325287281185
Kansas,2018,TRUE,0.00706003231200996,0.00357614720174603
Kansas,2019,TRUE,0.00460998196683565,0.0032561488720114
Kansas,2021,TRUE,0.00616118328000476,0.00307453265600337
Kansas,2022,TRUE,0.00763572027767075,0.00468448279096576
Kentucky,2008,FALSE,0,0
Kentucky,2009,TRUE,0.00105232519513385,0.00105316848262391
Kentucky,2010,TRUE,5.496075801952196e-4,5.503214111949017e-4
Kentucky,2011,TRUE,0.00698994241276529,0.00393017072165779
Kentucky,2012,TRUE,0.00383455493202944,0.0027220969264397
Kentucky,2013,TRUE,0.00882358546402875,0.00380371078529932
Kentucky,2014,TRUE,0.00678787885383616,0.00509954175449248
Kentucky,2015,FALSE,0,0
Kentucky,2016,TRUE,0.00245624812388512,0.00177963606720743
Kentucky,2017,TRUE,0.01265882426850776,0.00512121225267921
Kentucky,2018,TRUE,0.01326325010950598,0.0078497058998509
Kentucky,2019,TRUE,0.00436593952251785,0.00260607777549324
Kentucky,2021,TRUE,0.01047129134842171,0.00492461003553791
Kentucky,2022,TRUE,0.00472036428535784,0.00176963347535796
Louisiana,2008,TRUE,0.00228090906592652,0.00228068548906687
Louisiana,2009,TRUE,0.00561349012647023,0.00306758781178765
Louisiana,2010,TRUE,0.0034736695860824,0.00246623941334399
Louisiana,2011,FALSE,0,0
Louisiana,2012,TRUE,9.900029193609546e-4,9.90646644058957e-4
Louisiana,2013,TRUE,0.00944353552918902,0.00398253594109764
Louisiana,2014,TRUE,0.01261923099710405,0.00547011262531288
Louisiana,2015,TRUE,0.00154335873445693,0.00110966501193673
Louisiana,2016,TRUE,0.00341216216258968,0.00253685251133709
Louisiana,2017,TRUE,0.01264731750220373,0.00580789640181658
Louisiana,2018,TRUE,0.0079096651968423,0.00373335026333565
Louisiana,2019,TRUE,0.01118297663497216,0.00452056308598097
Louisiana,2021,TRUE,0.01684431761626863,0.00694214348072664
Louisiana,2022,TRUE,0.02071335080933672,0.00906476025227521
Maine,2008,TRUE,0.02293751180909743,0.01630084643350408
Maine,2009,TRUE,0.014498006524103,0.0143906734594294
Maine,2010,FALSE,0,0
Maine,2011,TRUE,0.01432038834951457,0.01017152284093834
Maine,2012,FALSE,0,0
Maine,2013,TRUE,0.00163345311989717,0.00164285591976271
Maine,2014,TRUE,0.00817231110432999,0.00817605896823005
Maine,2015,TRUE,0.02145718748188519,0.01680301126644119
Maine,2016,TRUE,0.00924317617892139,0.00549796234079277
Maine,2017,TRUE,0.03783477457980042,0.02292368461588937
Maine,2018,TRUE,0.01720720014435445,0.01547586999505398
Maine,2019,TRUE,0.01838548646132581,0.01108932316954352
Maine,2021,TRUE,0.01412085155186019,0.01001655348570373
Maine,2022,TRUE,0.01031095674825604,0.00732941348923819
Maryland,2008,TRUE,0.00202687333463338,7.758723923659043e-4
Maryland,2009,TRUE,0.00280791582955589,0.00121982143095458
Maryland,2010,TRUE,0.0019641749180373,7.455301188933688e-4
Maryland,2011,TRUE,0.00416840675537332,0.00143283455544614
Maryland,2012,TRUE,0.00333711442210958,0.00102060102286656
Maryland,2013,TRUE,0.0082535934453642,0.0026049663610531
Maryland,2014,TRUE,0.00651688965935359,0.00200835300528564
Maryland,2015,TRUE,0.00479150394150651,0.00127740931939869
Maryland,2016,TRUE,0.0080684154392444,0.00225770892239838
Maryland,2017,TRUE,0.00576223586932608,0.00138067876432238
Maryland,2018,TRUE,0.00771430256212416,0.00161340584620265
Maryland,2019,TRUE,0.00695572474187194,0.00218558092125051
Maryland,2021,TRUE,0.00836497442625142,0.00209507404281373
Maryland,2022,TRUE,0.00828544117853983,0.00186776113398188
Massachusetts,2008,TRUE,0.00757635253919241,0.00151279778714052
Massachusetts,2009,TRUE,0.00311012355992476,0.0010634626801592
Massachusetts,2010,TRUE,0.00508824115179416,0.00129268301653261
Massachusetts,2011,TRUE,0.00586233417285307,0.00161061557036453
Massachusetts,2012,TRUE,0.00591057163057777,0.0013436498661734
Massachusetts,2013,TRUE,0.00732892169153092,0.00147607553248256
Massachusetts,2014,TRUE,0.01067759583752384,0.00195930957967483
Massachusetts,2015,TRUE,0.01332156400025488,0.00274627576382006
Massachusetts,2016,TRUE,0.0107433304325986,0.00188766671778807
Massachusetts,2017,TRUE,0.01223741448945764,0.00190152256923845
Massachusetts,2018,TRUE,0.01349825088829742,0.00277057992690696
Massachusetts,2019,TRUE,0.01130628829554576,0.0017435255313388
Massachusetts,2021,TRUE,0.01386853713725663,0.00217169477124574
Massachusetts,2022,TRUE,0.01592378257564951,0.00242390651665494
Michigan,2008,TRUE,0.00284363691126582,0.00154282415147018
Michigan,2009,TRUE,0.00798958424440972,0.00246279803395842
Michigan,2010,TRUE,0.00292284201606919,0.00111487506911359
Michigan,2011,TRUE,0.00130908874538428,0.00101244185888878
Michigan,2012,TRUE,0.00330517985950731,0.00154621928000111
Michigan,2013,TRUE,0.00375543915087159,0.00138978529331253
Michigan,2014,TRUE,0.00171043554682035,8.602474238880331e-4
Michigan,2015,TRUE,0.00283560349542754,0.00125192829732827
Michigan,2016,TRUE,0.00553333651092149,0.00162463922351848
Michigan,2017,TRUE,0.00531390180039389,0.001731690372543
Michigan,2018,TRUE,0.00796911391947369,0.00194610000023748
Michigan,2019,TRUE,0.00638122428127482,0.00196035665160824
Michigan,2021,TRUE,0.00737543080880309,0.00186374962970484
Michigan,2022,TRUE,0.01199512201090881,0.00498614775962592
Minnesota,2008,TRUE,0.01235364616944781,0.00552634930212551
Minnesota,2009,TRUE,0.01637093561179591,0.00671656536029196
Minnesota,2010,TRUE,0.00962278357428635,0.00344593011745467
Minnesota,2011,TRUE,3.122438638281944e-4,3.124776026400047e-4
Minnesota,2012,TRUE,0.00396934535534645,0.00223581453898344
Minnesota,2013,TRUE,0.00325908980519287,0.00186743721172679
Minnesota,2014,TRUE,0.00381100275674499,0.0016847123959663
Minnesota,2015,TRUE,0.00643920939089048,0.00296630800380995
Minnesota,2016,TRUE,0.00473205122772339,0.00226320004725452
Minnesota,2017,TRUE,0.00552037168186835,0.00257828236611269
Minnesota,2018,TRUE,0.01211308061529162,0.00467702338382256
Minnesota,2019,TRUE,0.00750182269409281,0.00308491371960721
Minnesota,2021,TRUE,0.0108665400113753,0.00380423473581204
Minnesota,2022,TRUE,0.01203371023988163,0.00407298471510062
Mississippi,2008,FALSE,0,0
Mississippi,2009,FALSE,0,0
Mississippi,2010,FALSE,0,0
Mississippi,2011,TRUE,0.02087479750458227,0.02055267883345982
Mississippi,2012,FALSE,0,0
Mississippi,2013,TRUE,0.02319470413326388,0.01615222657585256
Mississippi,2014,TRUE,0.01493647705161997,0.00720581138086671
Mississippi,2015,TRUE,0.001392680073642,0.00139644321133734
Mississippi,2016,TRUE,0.00573126724686912,0.00409510657316919
Mississippi,2017,TRUE,0.00625518959313596,0.00623857440312394
Mississippi,2018,TRUE,0.01513136778394236,0.00838263683033
Mississippi,2019,FALSE,0,0
Mississippi,2021,TRUE,0.00683614636046419,0.00493745781831425
Mississippi,2022,TRUE,0.01380516313101275,0.00844041673045567
Missouri,2008,TRUE,0.00624002936484407,0.00320561726812968
Missouri,2009,TRUE,0.01372492423149178,0.00785028914587439
Missouri,2010,TRUE,0.00737925162140269,0.00482858344882637
Missouri,2011,TRUE,0.00453296703296829,0.00391426652190552
Missouri,2012,TRUE,0.0019639891387447,0.0013920480833115
Missouri,2013,TRUE,0.00635308352081174,0.00279226753811726
Missouri,2014,TRUE,0.01914792403863862,0.0082799216874075
Missouri,2015,TRUE,0.00592004404301134,0.00239461781412963
Missouri,2016,TRUE,0.00554186540881838,0.00256511605157515
Missouri,2017,TRUE,0.0039456941737315,0.00197963032094907
Missouri,2018,TRUE,0.00793440327913001,0.00505571433702338
Missouri,2019,TRUE,0.02751852721955684,0.01182260690048559
Missouri,2021,TRUE,0.01276784722993545,0.00422283046354197
Missouri,2022,TRUE,0.00331319430980744,0.00145188657110479
Montana,2008,FALSE,0,0
Montana,2009,TRUE,0.02297371808233444,0.02272486641637485
Montana,2010,FALSE,0,0
Montana,2011,TRUE,0.06599229287090622,0.06279701772981303
Montana,2012,FALSE,0,0
Montana,2013,FALSE,0,0
Montana,2014,FALSE,0,0
Montana,2015,FALSE,0,0
Montana,2016,FALSE,0,0
Montana,2017,TRUE,0.02607540275730481,0.02581751873729608
Montana,2018,FALSE,0,0
Montana,2019,TRUE,0.00709477903756862,0.00714436402435202
Montana,2021,TRUE,0.00420231127123807,0.00425301693250599
Montana,2022,FALSE,0,0
Nebraska,2008,FALSE,0,0
Nebraska,2009,TRUE,0.00637626072957999,0.0063584211677206
Nebraska,2010,FALSE,0,0
Nebraska,2011,TRUE,0.00868426678079909,0.00614491424832594
Nebraska,2012,TRUE,0.01582799243788661,0.01125182746774852
Nebraska,2013,FALSE,0,0
Nebraska,2014,TRUE,0.00297107115020521,0.00297139692420304
Nebraska,2015,TRUE,0.009506052887356,0.00548998015909376
Nebraska,2016,TRUE,0.0016198004405858,0.00162237410085029
Nebraska,2017,TRUE,0.00720250984230101,0.00418698795001894
Nebraska,2018,TRUE,0.00523388966539334,0.00522151883353916
Nebraska,2019,TRUE,0.00322873128555507,0.00230391633920331
Nebraska,2021,TRUE,0.00207281694276832,0.00207414215462279
Nebraska,2022,TRUE,0.01651383686718921,0.00688477709507592
Nevada,2008,TRUE,0.00534713295609715,0.00272329691346866
Nevada,2009,TRUE,0.00291283456998594,0.00104952230109001
Nevada,2010,TRUE,0.00230231602028233,0.00104493474932567
Nevada,2011,TRUE,0.00822732441354537,0.00291359655099172
Nevada,2012,TRUE,0.01278143610287554,0.00354669865280155
Nevada,2013,TRUE,0.00572974801285293,0.00190274704546689
Nevada,2014,TRUE,0.00752899685767753,0.00266277256937347
Nevada,2015,TRUE,0.00451423746619001,0.00191348932663172
Nevada,2016,TRUE,0.00945205569272443,0.00230399271216589
Nevada,2017,TRUE,0.00887440678280099,0.00252715508710206
Nevada,2018,TRUE,0.00698269901456341,0.00226150743356035
Nevada,2019,TRUE,0.0143342515490957,0.00316955489941755
Nevada,2021,TRUE,0.00977401705612026,0.00242023664517436
Nevada,2022,TRUE,0.0160174528898443,0.00354160755377773
New Hampshire,2008,TRUE,0.00422629910673916,0.00422458388427701
New Hampshire,2009,FALSE,0,0
New Hampshire,2010,FALSE,0,0
New Hampshire,2011,FALSE,0,0
New Hampshire,2012,TRUE,9.816506869477846e-4,9.843154919023144e-4
New Hampshire,2013,TRUE,0.01124252372175583,0.00833879841124109
New Hampshire,2014,TRUE,0.00631822962685512,0.00453544894191217
New Hampshire,2015,TRUE,0.00872386129868052,0.00508122162687935
New Hampshire,2016,TRUE,0.02347083926286114,0.00974143822684596
New Hampshire,2017,TRUE,7.324840764331392e-4,5.209267888501081e-4
New Hampshire,2018,TRUE,0.00321765111598134,0.00228452855192663
New Hampshire,2019,TRUE,0.03827708010186824,0.01739926593090864
New Hampshire,2021,TRUE,0.00958234830594381,0.00675489134746939
New Hampshire,2022,TRUE,0.03569817642889358,0.01306500156048572
New Jersey,2008,TRUE,0.00537513309853456,0.00111417034326792
New Jersey,2009,TRUE,0.00391300176901389,0.00104801487929563
New Jersey,2010,TRUE,0.00299461951227734,8.325307194674374e-4
New Jersey,2011,TRUE,0.00472578602277041,9.957806161160242e-4
New Jersey,2012,TRUE,0.00217800009392118,7.177056990321403e-4
New Jersey,2013,TRUE,0.00432087051035661,9.048870729031744e-4
New Jersey,2014,TRUE,0.00630074838369689,0.00115914230592026
New Jersey,2015,TRUE,0.00942387985457362,0.00150173691526146
New Jersey,2016,TRUE,0.00833149699102996,0.00141239283807545
New Jersey,2017,TRUE,0.00652051801820493,0.00106709955676967
New Jersey,2018,TRUE,0.00738608744193231,0.00134942593537205
New Jersey,2019,TRUE,0.00579913210466751,9.370323525892028e-4
New Jersey,2021,TRUE,0.01079578784628623,0.00173325687573457
New Jersey,2022,TRUE,0.00684670193873637,0.00114925846091933
New Mexico,2008,TRUE,0.01106751771394894,0.00641210431837258
New Mexico,2009,TRUE,0.00647777385334263,0.00327860329879635
New Mexico,2010,TRUE,0.00424477632628537,0.00423333975107365
New Mexico,2011,TRUE,0.00561405839949508,0.0040926127767313
New Mexico,2012,TRUE,0.00857044286792373,0.00603299823525826
New Mexico,2013,TRUE,0.00322637830241583,0.00241017441300814
New Mexico,2014,TRUE,0.00965327029171,0.00606511313429647
New Mexico,2015,TRUE,0.00600573373999086,0.00321144898359795
New Mexico,2016,TRUE,0.00244325497106507,0.00244157259025787
New Mexico,2017,TRUE,0.0112028074505521,0.00708844451078501
New Mexico,2018,TRUE,0.0095901062689568509,0.00466553633727702
New Mexico,2019,TRUE,0.01481697292572783,0.00701820678440837
New Mexico,2021,TRUE,0.01179893649042662,0.0056742752735083404
New Mexico,2022,TRUE,0.04597772280226034,0.0191335977278797
New York,2008,TRUE,0.00758412592942284,0.00104009341078902
New York,2009,TRUE,0.00529490663080709,7.238778961438615e-4
New York,2010,TRUE,0.00638767488010458,7.849062817655382e-4
New York,2011,TRUE,0.0074814363058842296,9.974119711549166e-4
New York,2012,TRUE,0.00688133113496616,9.351355426677382e-4
New York,2013,TRUE,0.00771677085006957,9.008339208983728e-4
New York,2014,TRUE,0.0112890788930963,0.00126085819732585
New York,2015,TRUE,0.00995379551257016,0.00108393167568435
New York,2016,TRUE,0.01110281926521279,0.00123587669710241
New York,2017,TRUE,0.01252419827168463,0.00116619011892378
New York,2018,TRUE,0.01276051390328698,0.00145797474978459
New York,2019,TRUE,0.01221635541675536,0.00120957209944922
New York,2021,TRUE,0.01590401638435678,0.00145934654034855
New York,2022,TRUE,0.01836003768838164,0.00170082069093989
North Carolina,2008,TRUE,0.00511813783916495,0.00194004919078098
North Carolina,2009,TRUE,0.00340329735923772,0.00129150844886594
North Carolina,2010,TRUE,0.00542436995431277,0.00161174059214891
North Carolina,2011,TRUE,0.00394647292271327,0.00195258077888908
North Carolina,2012,TRUE,0.00275531064780588,0.00116888128735825
North Carolina,2013,TRUE,0.00512875138574954,0.00188213683982109
North Carolina,2014,TRUE,0.00707475348319438,0.00256227511733318
North Carolina,2015,TRUE,0.00359708344602735,0.00182014600245728
North Carolina,2016,TRUE,0.00516930474854773,0.00152262613529792
North Carolina,2017,TRUE,0.0078615114595812809,0.00257323476531685
North Carolina,2018,TRUE,0.00834145404670769,0.0021702892781292
North Carolina,2019,TRUE,0.01127361365023064,0.0030493056104311
North Carolina,2021,TRUE,0.00512921680804936,0.00171307302906426
North Carolina,2022,TRUE,0.00739965010876744,0.00189341413964146
North Dakota,2008,FALSE,0,0
North Dakota,2009,FALSE,0,0
North Dakota,2010,FALSE,0,0
North Dakota,2011,FALSE,0,0
North Dakota,2012,FALSE,0,0
North Dakota,2013,FALSE,0,0
North Dakota,2014,FALSE,0,0
North Dakota,2015,TRUE,0.01358725964669534,0.01362703642270049
North Dakota,2016,TRUE,0.00571603562158891,0.00577435865802077
North Dakota,2017,TRUE,0.00250062515748796,0.00252903788775072
North Dakota,2018,TRUE,0.02224100929960821,0.02202980449525317
North Dakota,2019,FALSE,0,0
North Dakota,2021,TRUE,0.00556997279251143,0.00473458308773136
North Dakota,2022,TRUE,0.07641400542708535,0.04435326787138159
Ohio,2008,TRUE,5.249979807981607e-4,5.25006439461613e-4
Ohio,2009,TRUE,0.0057240717541382,0.00190877457264275
Ohio,2010,TRUE,0.00262566592646533,0.00107953616258237
Ohio,2011,TRUE,0.00244607222874843,0.0013106759125751
Ohio,2012,TRUE,0.0072979597761945,0.00293966999567933
Ohio,2013,TRUE,0.00427226189725282,0.00223585971395806
Ohio,2014,TRUE,0.00265417072320815,0.00138456530707447
Ohio,2015,TRUE,0.00388957404427435,0.00141220871420753
Ohio,2016,TRUE,0.00350953102126027,0.00136777417948836
Ohio,2017,TRUE,0.01070476762760311,0.00355277587553773
Ohio,2018,TRUE,0.00727659355677089,0.00239378462441907
Ohio,2019,TRUE,0.00814199468513989,0.00281291678790032
Ohio,2021,TRUE,0.00989551442866323,0.002654833849828
Ohio,2022,TRUE,0.0126164511112546,0.00329931139351657
Oklahoma,2008,TRUE,0.00168072457904125,0.00168051193548625
Oklahoma,2009,TRUE,0.0070814196666976,0.00704159767470621
Oklahoma,2010,TRUE,0.00258837340667462,0.00184546337380817
Oklahoma,2011,FALSE,0,0
Oklahoma,2012,TRUE,0.00140876073080647,0.00140906871208796
Oklahoma,2013,TRUE,0.00424465938348302,0.0029985847448889
Oklahoma,2014,TRUE,0.00296091297484332,0.00210161932497462
Oklahoma,2015,TRUE,0.00243232643587967,0.00243006881615545
Oklahoma,2016,TRUE,0.0100505875110878,0.00383501249653766
Oklahoma,2017,TRUE,0.00401910864467617,0.00250134468112391
Oklahoma,2018,TRUE,0.00450329345342175,0.00291157275537199
Oklahoma,2019,TRUE,0.0042789081759096,0.00306306483452179
Oklahoma,2021,TRUE,0.00776439819960517,0.00340509812000165
Oklahoma,2022,TRUE,0.0064831573810852,0.0031320283744574
Oregon,2008,TRUE,0.00291163734283469,0.00170398498947474
Oregon,2009,TRUE,0.00890079197060354,0.00320141006865805
Oregon,2010,TRUE,0.00135523749718738,0.00100523716787255
Oregon,2011,TRUE,0.0073320192551121,0.0029908712943998
Oregon,2012,TRUE,0.00686752123199604,0.00412083787180569
Oregon,2013,TRUE,0.00187935986869117,0.00111118781006005
Oregon,2014,TRUE,0.00174226050081855,8.927642686239115e-4
Oregon,2015,TRUE,0.00646961129660731,0.00219228117925239
Oregon,2016,TRUE,0.01160547653029104,0.00353859549685118
Oregon,2017,TRUE,0.00845742665705752,0.00261715118958266
Oregon,2018,TRUE,0.00566305577274897,0.00193516253110263
Oregon,2019,TRUE,0.00989584582326025,0.00436728841794867
Oregon,2021,TRUE,0.0084467852574914,0.00246403992468191
Oregon,2022,TRUE,0.01629327966767265,0.00530514799514353
Pennsylvania,2008,TRUE,0.00393406524555399,0.0014588009634523
Pennsylvania,2009,TRUE,0.00454783582629141,0.00200456524691489
Pennsylvania,2010,TRUE,0.00157658401294735,7.898573084709764e-4
Pennsylvania,2011,TRUE,0.0059429041597654,0.00181403913696646
Pennsylvania,2012,TRUE,0.01452025810202949,0.00327615205448633
Pennsylvania,2013,TRUE,0.00100578025774186,6.095843603351207e-4
Pennsylvania,2014,TRUE,0.00814241683084232,0.00248440112550213
Pennsylvania,2015,TRUE,0.00642115211971214,0.00219198144590088
Pennsylvania,2016,TRUE,0.00343312729702486,0.00142146055946014
Pennsylvania,2017,TRUE,0.00530446182037706,0.00147370476893949
Pennsylvania,2018,TRUE,0.00791198549604929,0.0021131002227462
Pennsylvania,2019,TRUE,0.01340607262160214,0.0038415261847762
Pennsylvania,2021,TRUE,0.01601613610383673,0.00335926488404163
Pennsylvania,2022,TRUE,0.01302808147326193,0.00395036404856958
Rhode Island,2008,FALSE,0,0
Rhode Island,2009,TRUE,0.00593709884467273,0.00458947098345612
Rhode Island,2010,TRUE,0.00208184445203999,0.00208171102887515
Rhode Island,2011,TRUE,0.00401016958045864,0.00400193398936997
Rhode Island,2012,TRUE,0.01148111590219039,0.00661109507146606
Rhode Island,2013,TRUE,0.01108815845449034,0.00652842737077514
Rhode Island,2014,TRUE,0.00449358481642703,0.00266814969688583
Rhode Island,2015,TRUE,0.00375333548393706,0.00267598413618851
Rhode Island,2016,TRUE,0.00950255939186341,0.00740988701392316
Rhode Island,2017,TRUE,0.01650057625720234,0.0087165120520441
Rhode Island,2018,TRUE,0.00413983440663852,0.0029576578169242
Rhode Island,2019,TRUE,0.00288154241601256,0.00206854653867594
Rhode Island,2021,TRUE,0.01423079517097206,0.00532139178040276
Rhode Island,2022,TRUE,0.00700350176743864,0.00382263022370813
South Carolina,2008,TRUE,0.00197997397748533,0.00140065166226858
South Carolina,2009,TRUE,0.00154923283183719,0.00154859401829834
South Carolina,2010,FALSE,0,0
South Carolina,2011,TRUE,0.00420011467890721,0.0025477143912349
South Carolina,2012,TRUE,0.00432134332044889,0.0021939106197355
South Carolina,2013,TRUE,0.00186773750283531,0.00132162710877954
South Carolina,2014,FALSE,0,0
South Carolina,2015,TRUE,0.00121433684460127,0.00121421316591658
South Carolina,2016,TRUE,0.00744677789111374,0.00316626981703707
South Carolina,2017,FALSE,0,0
South Carolina,2018,TRUE,0.00276320720697161,0.00195266528777092
South Carolina,2019,TRUE,0.00479866471938314,0.00394307809155688
South Carolina,2021,TRUE,0.00424104941317744,0.00185655183858359
South Carolina,2022,TRUE,0.0105898582142557,0.00428014978107046
South Dakota,2008,FALSE,0,0
South Dakota,2009,FALSE,0,0
South Dakota,2010,FALSE,0,0
South Dakota,2011,TRUE,0.02280571992355517,0.01612637185608602
South Dakota,2012,FALSE,0,0
South Dakota,2013,FALSE,0,0
South Dakota,2014,FALSE,0,0
South Dakota,2015,TRUE,0.00628261101946177,0.00634731913004547
South Dakota,2016,FALSE,0,0
South Dakota,2017,FALSE,0,0
South Dakota,2018,FALSE,0,0
South Dakota,2019,FALSE,0,0
South Dakota,2021,TRUE,0.06877743780763614,0.04173353064919102
South Dakota,2022,FALSE,0,0
Tennessee,2008,FALSE,0,0
Tennessee,2009,TRUE,0.00796569309832484,0.00390802156551399
Tennessee,2010,TRUE,0.00176112712135911,0.00101766279049073
Tennessee,2011,TRUE,0.0045247882072049,0.00225396807426699
Tennessee,2012,TRUE,0.00121985644034351,0.00121952413871006
Tennessee,2013,TRUE,0.00346812431477428,0.00183262772781169
Tennessee,2014,TRUE,0.00120679763420368,9.123206293671984e-4
Tennessee,2015,TRUE,0.0076487397683248,0.0028968705900409
Tennessee,2016,TRUE,0.01281554038999666,0.00502288881050607
Tennessee,2017,TRUE,0.00646488649428868,0.00277674739011865
Tennessee,2018,TRUE,0.00687748916146138,0.00256826939270298
Tennessee,2019,TRUE,0.00491173009023184,0.00174834869851657
Tennessee,2021,TRUE,0.01030571527332054,0.00419080322829534
Tennessee,2022,TRUE,0.00806218017549894,0.0022901856142909
Texas,2008,TRUE,0.0032130142761212,5.906474872477777e-4
Texas,2009,TRUE,0.0022217010229785,4.401682742702839e-4
Texas,2010,TRUE,0.00218063717909058,4.177392805521388e-4
Texas,2011,TRUE,0.00290257980618365,5.425158525573621e-4
Texas,2012,TRUE,0.00260260901692271,4.912491502237952e-4
Texas,2013,TRUE,0.00321633530573842,4.98729032354951e-4
Texas,2014,TRUE,0.00285060718151752,4.7985475914777274e-4
Texas,2015,TRUE,0.0040566621072473,5.791684517696415e-4
Texas,2016,TRUE,0.00543046261187688,7.288769595338988e-4
Texas,2017,TRUE,0.00577248043359998,6.978236747367842e-4
Texas,2018,TRUE,0.00636775710745012,7.104019466819711e-4
Texas,2019,TRUE,0.00660841109891029,8.187302835465154e-4
Texas,2021,TRUE,0.00779771655378373,0.00132606938155393
Texas,2022,TRUE,0.00795238056111641,9.345778849905446e-4
Utah,2008,FALSE,0,0
Utah,2009,TRUE,0.0010106823563938,0.00101086013587125
Utah,2010,TRUE,0.00141019330295116,0.00140978344758905
Utah,2011,TRUE,0.00480601310476888,0.00238812653204383
Utah,2012,TRUE,0.00177090129555447,0.00127855275986361
Utah,2013,TRUE,0.00446695172348097,0.00225319558125959
Utah,2014,TRUE,0.00267183908217467,0.00266802347193618
Utah,2015,TRUE,0.00155197260645495,0.00155147902009958
Utah,2016,TRUE,0.01028655400447142,0.00443123658664324
Utah,2017,TRUE,0.01365400826317283,0.00559756846942722
Utah,2018,TRUE,0.00987018928358916,0.00452673269867629
Utah,2019,TRUE,0.01410793276319689,0.0048063265391753
Utah,2021,TRUE,0.00592329369136518,0.00262501119225355
Utah,2022,TRUE,0.0053512218075968,0.00207121269822635
Vermont,2008,FALSE,0,0
Vermont,2009,FALSE,0,0
Vermont,2010,FALSE,0,0
Vermont,2011,TRUE,0.01522219494230297,0.00985216079162549
Vermont,2012,TRUE,0.04284772590669775,0.03647911309432478
Vermont,2013,TRUE,0.00274261603731883,0.00276858393068079
Vermont,2014,TRUE,0.04845322405946656,0.0307506762397133
Vermont,2015,FALSE,0,0
Vermont,2016,TRUE,0.01556253569388932,0.01547704745572249
Vermont,2017,TRUE,0.02014719411994794,0.00968425162308243
Vermont,2018,TRUE,0.02895694360231171,0.01821528629039061
Vermont,2019,TRUE,0.0231232876726028,0.02282278599669037
Vermont,2021,TRUE,0.02794083118106761,0.01603218986338517
Vermont,2022,TRUE,0.0146016444570457,0.01160592980134941
Virginia,2008,TRUE,0.00334280159497687,0.0012630697400903
Virginia,2009,TRUE,0.0029651391302114,9.728634971759234e-4
Virginia,2010,TRUE,0.0023122678289316,7.908577673397227e-4
Virginia,2011,TRUE,0.00168167360156954,7.17079524544753e-4
Virginia,2012,TRUE,0.00501034343906418,0.00141629260556444
Virginia,2013,TRUE,0.00609252793187337,0.00152861393306558
Virginia,2014,TRUE,0.00553812511884408,0.00165958010438167
Virginia,2015,TRUE,0.00568269698965998,0.0013858184361314
Virginia,2016,TRUE,0.00920471699353225,0.00205922251544292
Virginia,2017,TRUE,0.0079913759517086,0.00182901801577205
Virginia,2018,TRUE,0.00727671287271085,0.00143036365351747
Virginia,2019,TRUE,0.0063790094804457,0.00149527786938991
Virginia,2021,TRUE,0.01181543862312588,0.00296486240128618
Virginia,2022,TRUE,0.00810865879281158,0.00173680579387395
Washington,2008,TRUE,0.00649138700086409,0.00169342081287469
Washington,2009,TRUE,0.00310592466758962,0.00100688939978988
Washington,2010,TRUE,0.00479686124455351,0.00158397714910844
Washington,2011,TRUE,0.00322633690860814,9.648484316061954e-4
Washington,2012,TRUE,0.00537761613758071,0.00145834304327645
Washington,2013,TRUE,0.00884744674123551,0.00210357083113898
Washington,2014,TRUE,0.00314910712402994,0.0013659451430923
Washington,2015,TRUE,0.00886028979510315,0.00179695264812418
Washington,2016,TRUE,0.00607490176228949,0.00150261072375833
Washington,2017,TRUE,0.01114956729974983,0.00225383583994958
Washington,2018,TRUE,0.0076659732117282,0.00158511810050423
Washington,2019,TRUE,0.01080372765222215,0.00173209326080147
Washington,2021,TRUE,0.00901085053754869,0.00191147855284697
Washington,2022,TRUE,0.01471435591330526,0.00261447832895821
West Virginia,2008,FALSE,0,0
West Virginia,2009,TRUE,0.01071927916856343,0.01069132768468986
West Virginia,2010,FALSE,0,0
West Virginia,2011,TRUE,0.00909090909783723,0.00650074062100633
West Virginia,2012,FALSE,0,0
West Virginia,2013,FALSE,0,0
West Virginia,2014,FALSE,0,0
West Virginia,2015,TRUE,0.00864450583898357,0.00865468672492097
West Virginia,2016,TRUE,0.00305971724279243,0.00307698666497173
West Virginia,2017,TRUE,0.00714285721944745,0.0071462541823828
West Virginia,2018,TRUE,0.00636483736309529,0.00641096731730262
West Virginia,2019,TRUE,0.00326430684692473,0.00327984383003034
West Virginia,2021,TRUE,0.06317934782649423,0.04721804257418056
West Virginia,2022,TRUE,0.00199341306985623,0.00200607659754277
Wisconsin,2008,TRUE,0.00959630322640543,0.00494795098247324
Wisconsin,2009,FALSE,0,0
Wisconsin,2010,TRUE,0.00721705446816849,0.00391001509067
Wisconsin,2011,TRUE,0.00323546621698969,0.00289828739610974
Wisconsin,2012,TRUE,1.6524723529186467e-4,1.6550180510124752e-4
Wisconsin,2013,TRUE,5.801944811902986e-4,5.806634327080914e-4
Wisconsin,2014,TRUE,0.00530734343336873,0.00421357359883447
Wisconsin,2015,TRUE,0.00749571904241277,0.00284965683457935
Wisconsin,2016,TRUE,8.515136419455196e-4,8.519677639490719e-4
Wisconsin,2017,TRUE,0.00394467518531214,0.00233160017132418
Wisconsin,2018,TRUE,0.00123299773789914,8.73380849429918e-4
Wisconsin,2019,TRUE,0.00448920923256404,0.00221116786306931
Wisconsin,2021,TRUE,0.00204888376600402,0.00158071438559838
Wisconsin,2022,TRUE,0.00383947254135912,0.00249359662291935
Wyoming,2008,FALSE,0,0
Wyoming,2009,FALSE,0,0
Wyoming,2010,TRUE,0.01320211233797662,0.00956660332574557
Wyoming,2011,FALSE,0,0
Wyoming,2012,FALSE,0,0
Wyoming,2013,FALSE,0,0
Wyoming,2014,FALSE,0,0
Wyoming,2015,TRUE,0.0130813953488383,0.00941929854040004
Wyoming,2016,FALSE,0,0
Wyoming,2017,TRUE,0.0091182030471792,0.00914403461973596
Wyoming,2018,FALSE,0,0
Wyoming,2019,FALSE,0,0
Wyoming,2021,TRUE,0.02127351666226255,0.02108025741834571
Wyoming,2022,FALSE,0,0
