state,year,state_policy,state_couple_laws,state_policy_binned,state_unemploy,state_income
Alabama,1991,-1,-1,Repressive,7.35,NA
Alabama,1992,-1,-1,Repressive,7.566666666666666,NA
Alabama,1993,-1,-1,Repressive,7.366666666666666,NA
Alabama,1994,-1,-1,Repressive,6.191666666666666,NA
Alabama,1995,-1,-1,Repressive,5.95,NA
Alabama,1996,-1,-1,Repressive,5.225,NA
Alabama,1997,-1,-1,Repressive,4.975,NA
Alabama,1998,-1,-1,Repressive,4.391666666666667,NA
Alabama,1999,-1,-1,Repressive,4.733333333333333,NA
Alabama,2000,-1,-1,Repressive,4.575,NA
Alabama,2001,-1,-1,Repressive,5.1,NA
Alabama,2002,-1,-1,Repressive,5.9,NA
Alabama,2003,0,0,Repressive,6.025,NA
Alabama,2004,0,0,Repressive,5.7,NA
Alabama,2005,0,0,Repressive,4.5,NA
Alabama,2006,-1,0,Repressive,4.066666666666666,NA
Alabama,2007,-1,0,Repressive,3.9749999999999996,NA
Alabama,2008,-1,0,Repressive,5.716666666666667,26.22144098188625
Alabama,2009,-1,0,Repressive,10.991666666666667,24.687942468542328
Alabama,2010,-1,0,Repressive,10.541666666666666,25.64526056888401
Alabama,2011,-1,0,Repressive,9.616666666666667,26.160663798895246
Alabama,2012,-1,0,Repressive,7.983333333333333,26.004324280268378
Alabama,2013,-1,0,Repressive,7.216666666666667,25.637573512945153
Alabama,2014,-1,0,Repressive,6.758333333333334,26.079840564338582
Alabama,2015,1,1,Neutral,6.083333333333333,26.778996977648127
Alabama,2016,1,1,Neutral,5.841666666666667,27.19086591538442
Alabama,2017,0,1,Repressive,4.416666666666667,27.866800852474558
Alabama,2018,0,1,Repressive,3.875,28.402813932655317
Alabama,2019,0,1,Repressive,2.9916666666666667,28.657136802994216
Alabama,2020,1,1,Neutral,6.336363636363637,NA
Alaska,1991,0,0,Repressive,8.458333333333334,NA
Alaska,1992,0,0,Repressive,8.916666666666666,NA
Alaska,1993,0,0,Repressive,7.708333333333333,NA
Alaska,1994,0,0,Repressive,7.566666666666666,NA
Alaska,1995,0,0,Repressive,7.316666666666666,NA
Alaska,1996,0,0,Repressive,7.583333333333333,NA
Alaska,1997,0,0,Repressive,7.141666666666667,NA
Alaska,1998,-1,0,Repressive,6.358333333333333,NA
Alaska,1999,-1,0,Repressive,6.466666666666667,NA
Alaska,2000,-1,0,Repressive,6.358333333333333,NA
Alaska,2001,-1,0,Repressive,6.416666666666667,NA
Alaska,2002,-1,0,Repressive,7.3,NA
Alaska,2003,-1,0,Repressive,7.816666666666666,NA
Alaska,2004,-1,0,Repressive,7.45,NA
Alaska,2005,-1,0,Repressive,6.883333333333334,NA
Alaska,2006,-1,0,Repressive,6.625,NA
Alaska,2007,-1,0,Repressive,6.35,NA
Alaska,2008,-1,0,Repressive,6.708333333333333,37.53927938848339
Alaska,2009,-1,0,Repressive,7.733333333333333,35.63655434408179
Alaska,2010,-1,0,Repressive,7.875,37.56295172860627
Alaska,2011,-1,0,Repressive,7.566666666666666,39.15988605347417
Alaska,2012,-1,0,Repressive,7.133333333333333,38.86010158302061
Alaska,2013,-1,0,Repressive,7,37.43185130848779
Alaska,2014,1,1,Neutral,6.866666666666667,39.06972976066766
Alaska,2015,1,1,Neutral,6.533333333333333,39.68546683825949
Alaska,2016,1,1,Neutral,6.858333333333333,38.721674746255914
Alaska,2017,1,1,Neutral,6.883333333333334,38.98092050029063
Alaska,2018,1,1,Neutral,6.45,40.137013226537384
Alaska,2019,1,1,Neutral,6.141666666666667,40.77109829083373
Alaska,2020,2,1,Neutral,8.709090909090909,NA
Arizona,1991,-1,-1,Repressive,5.966666666666667,NA
Arizona,1992,-1,-1,Repressive,7.541666666666667,NA
Arizona,1993,-1,-1,Repressive,6.408333333333333,NA
Arizona,1994,-1,-1,Repressive,6.15,NA
Arizona,1995,-1,-1,Repressive,5.358333333333333,NA
Arizona,1996,-1,-1,Repressive,5.566666666666666,NA
Arizona,1997,-1,-1,Repressive,4.583333333333333,NA
Arizona,1998,-1,-1,Repressive,4.325,NA
Arizona,1999,-1,-1,Repressive,4.441666666666666,NA
Arizona,2000,-1,-1,Repressive,3.975,NA
Arizona,2001,0,0,Repressive,4.775,NA
Arizona,2002,0,0,Repressive,6.1,NA
Arizona,2003,1,0,Neutral,5.766666666666667,NA
Arizona,2004,1,0,Neutral,5.041666666666667,NA
Arizona,2005,1,0,Neutral,4.666666666666666,NA
Arizona,2006,1,0,Neutral,4.225,NA
Arizona,2007,1,0,Neutral,3.825,NA
Arizona,2008,0,0,Repressive,6.141666666666667,27.95889741968701
Arizona,2009,0,0,Repressive,9.925,25.301204042374493
Arizona,2010,0,0,Repressive,10.35,25.55864171059849
Arizona,2011,0,0,Repressive,9.5,26.144217603622327
Arizona,2012,0,0,Repressive,8.333333333333334,26.184044278638307
Arizona,2013,0,0,Repressive,7.741666666666667,25.996116149999633
Arizona,2014,1,0,Neutral,6.8,26.762082643977713
Arizona,2015,3,1,Progressive,6.058333333333334,27.34844056358099
Arizona,2016,3,1,Progressive,5.375,28.06086908674625
Arizona,2017,3,1,Progressive,4.858333333333333,28.926323380621284
Arizona,2018,3,1,Progressive,4.741666666666667,29.65769826632239
Arizona,2019,3,1,Progressive,4.7,29.89897852242174
Arizona,2020,4,1,Progressive,7.845454545454546,NA
Arkansas,1991,-1,-1,Repressive,7.425,NA
Arkansas,1992,-1,-1,Repressive,7.091666666666667,NA
Arkansas,1993,-1,-1,Repressive,6.141666666666667,NA
Arkansas,1994,-1,-1,Repressive,5.375,NA
Arkansas,1995,-1,-1,Repressive,4.85,NA
Arkansas,1996,-1,-1,Repressive,5.25,NA
Arkansas,1997,-1,-1,Repressive,5.233333333333333,NA
Arkansas,1998,-1,-1,Repressive,5.175,NA
Arkansas,1999,-1,-1,Repressive,4.6,NA
Arkansas,2000,-1,-1,Repressive,4.275,NA
Arkansas,2001,0,0,Repressive,4.95,NA
Arkansas,2002,0,0,Repressive,5.475,NA
Arkansas,2003,0,0,Repressive,5.933333333333334,NA
Arkansas,2004,-1,0,Repressive,5.7,NA
Arkansas,2005,-1,0,Repressive,5.225,NA
Arkansas,2006,-1,0,Repressive,5.175,NA
Arkansas,2007,-1,0,Repressive,5.3,NA
Arkansas,2008,-1,0,Repressive,5.5,25.110569512830835
Arkansas,2009,-1,0,Repressive,7.825,23.58634297480677
Arkansas,2010,-1,0,Repressive,8.191666666666666,24.25859902176937
Arkansas,2011,-1,0,Repressive,8.291666666666666,25.312189633678894
Arkansas,2012,-1,0,Repressive,7.575,26.261584761805977
Arkansas,2013,-1,0,Repressive,7.216666666666667,25.727741661273704
Arkansas,2014,0,1,Repressive,6.016666666666667,26.77467788237105
Arkansas,2015,1,1,Neutral,5.008333333333333,27.207284656548055
Arkansas,2016,1,1,Neutral,3.966666666666667,27.774765277033588
Arkansas,2017,1,1,Neutral,3.6833333333333336,28.292647407056606
Arkansas,2018,1,1,Neutral,3.6416666666666666,28.811798492912473
Arkansas,2019,1,1,Neutral,3.55,28.971329898761557
Arkansas,2020,2,1,Neutral,6.781818181818182,NA
California,1991,0,0,Repressive,7.716666666666667,NA
California,1992,1,0,Neutral,9.3,NA
California,1993,1,0,Neutral,9.483333333333334,NA
California,1994,1,0,Neutral,8.591666666666667,NA
California,1995,1,0,Neutral,7.858333333333333,NA
California,1996,1,0,Neutral,7.258333333333334,NA
California,1997,1,0,Neutral,6.358333333333333,NA
California,1998,1,0,Neutral,5.95,NA
California,1999,3,0,Progressive,5.233333333333333,NA
California,2000,3,0,Progressive,4.958333333333333,NA
California,2001,3,0,Progressive,5.433333333333334,NA
California,2002,3,0,Progressive,6.6499999999999995,NA
California,2003,3,0,Progressive,6.8,NA
California,2004,3,0,Progressive,6.208333333333333,NA
California,2005,3,0,Progressive,5.4,NA
California,2006,4,1,Progressive,4.916666666666667,NA
California,2007,4,1,Progressive,5.375,NA
California,2008,3,1,Progressive,7.291666666666667,34.505413147092845
California,2009,3,1,Progressive,11.141666666666666,31.83206124716001
California,2010,3,1,Progressive,12.225,33.15526754514762
California,2011,3,1,Progressive,11.708333333333334,34.51832121485892
California,2012,4,1,Progressive,10.375,35.37367855012653
California,2013,6,2,Progressive,8.941666666666666,35.00441115781597
California,2014,6,2,Progressive,7.5,36.64024822168606
California,2015,6,2,Progressive,6.208333333333333,38.44467198716998
California,2016,6,2,Progressive,5.491666666666667,39.92248544759801
California,2017,6,2,Progressive,4.791666666666667,41.12373689535661
California,2018,6,2,Progressive,4.258333333333334,42.3747905359119
California,2019,6,2,Progressive,4.05,43.24634265893469
California,2020,6,2,Progressive,10.363636363636363,NA
Colorado,1991,0,0,Repressive,5.258333333333333,NA
Colorado,1992,0,0,Repressive,6,NA
Colorado,1993,0,0,Repressive,5.325,NA
Colorado,1994,0,0,Repressive,4.233333333333333,NA
Colorado,1995,0,0,Repressive,4.008333333333333,NA
Colorado,1996,0,0,Repressive,4.241666666666667,NA
Colorado,1997,0,0,Repressive,3.4499999999999997,NA
Colorado,1998,0,0,Repressive,3.6,NA
Colorado,1999,0,0,Repressive,3.075,NA
Colorado,2000,0,0,Repressive,2.7583333333333333,NA
Colorado,2001,0,0,Repressive,3.8166666666666664,NA
Colorado,2002,0,0,Repressive,5.525,NA
Colorado,2003,0,0,Repressive,5.95,NA
Colorado,2004,0,0,Repressive,5.475,NA
Colorado,2005,1,0,Neutral,5.025,NA
Colorado,2006,0,0,Repressive,4.308333333333334,NA
Colorado,2007,1,0,Neutral,3.725,NA
Colorado,2008,2,0,Neutral,4.85,33.56121170736492
Colorado,2009,2,0,Neutral,7.3,30.270894129577385
Colorado,2010,2,0,Neutral,8.725,30.916094077012367
Colorado,2011,2,0,Neutral,8.358333333333333,32.574679955332485
Colorado,2012,2,0,Neutral,7.891666666666667,33.095292764339995
Colorado,2013,3,1,Progressive,6.85,33.59012020135553
Colorado,2014,5,2,Progressive,4.991666666666666,35.48428523136416
Colorado,2015,6,3,Progressive,3.8833333333333333,35.98029641999499
Colorado,2016,6,3,Progressive,3.3,36.08965724680791
Colorado,2017,6,3,Progressive,2.7916666666666665,37.765186317353034
Colorado,2018,6,3,Progressive,3.158333333333333,39.16675554618749
Colorado,2019,7,3,Progressive,2.7583333333333333,39.700634623642934
Colorado,2020,7,3,Progressive,6.954545454545454,NA
Connecticut,1991,1,0,Neutral,6.533333333333333,NA
Connecticut,1992,1,0,Neutral,7.541666666666666,NA
Connecticut,1993,1,0,Neutral,6.625,NA
Connecticut,1994,1,0,Neutral,5.616666666666666,NA
Connecticut,1995,1,0,Neutral,5.491666666666666,NA
Connecticut,1996,1,0,Neutral,5.5,NA
Connecticut,1997,1,0,Neutral,5,NA
Connecticut,1998,1,0,Neutral,3.4416666666666664,NA
Connecticut,1999,2,0,Neutral,2.875,NA
Connecticut,2000,2,0,Neutral,2.408333333333333,NA
Connecticut,2001,2,0,Neutral,3.1166666666666667,NA
Connecticut,2002,2,0,Neutral,4.308333333333334,NA
Connecticut,2003,2,0,Neutral,5.408333333333333,NA
Connecticut,2004,4,1,Progressive,4.958333333333333,NA
Connecticut,2005,4,1,Progressive,4.875,NA
Connecticut,2006,4,1,Progressive,4.333333333333333,NA
Connecticut,2007,4,1,Progressive,4.475,NA
Connecticut,2008,5,2,Progressive,5.666666666666667,48.08666199913269
Connecticut,2009,5,2,Progressive,7.925,45.40634119436608
Connecticut,2010,5,2,Progressive,9.133333333333333,47.17688518375232
Connecticut,2011,5,2,Progressive,8.825,47.69321873712581
Connecticut,2012,5,2,Progressive,8.35,47.0417095733291
Connecticut,2013,5,2,Progressive,7.808333333333334,45.123833347791255
Connecticut,2014,5,2,Progressive,6.625,46.525411154057366
Connecticut,2015,5,2,Progressive,5.725,47.07583927818383
Connecticut,2016,5,2,Progressive,5.166666666666667,48.08676026754764
Connecticut,2017,6,2,Progressive,4.7,48.72445267259383
Connecticut,2018,6,2,Progressive,4.158333333333333,49.779738630974336
Connecticut,2019,6,2,Progressive,3.7416666666666667,50.172872270169215
Connecticut,2020,6,2,Progressive,7.2,NA
DC,1991,3,0,Progressive,NA,NA
DC,1992,3,0,Progressive,NA,NA
DC,1993,4,1,Progressive,NA,NA
DC,1994,4,1,Progressive,NA,NA
DC,1995,4,1,Progressive,NA,NA
DC,1996,4,1,Progressive,NA,NA
DC,1997,4,1,Progressive,NA,NA
DC,1998,4,1,Progressive,NA,NA
DC,1999,4,1,Progressive,NA,NA
DC,2000,4,1,Progressive,NA,NA
DC,2001,4,1,Progressive,NA,NA
DC,2002,4,1,Progressive,NA,NA
DC,2003,4,1,Progressive,NA,NA
DC,2004,4,1,Progressive,NA,NA
DC,2005,4,1,Progressive,NA,NA
DC,2006,5,2,Progressive,NA,NA
DC,2007,5,2,Progressive,NA,NA
DC,2008,5,2,Progressive,NA,NA
DC,2009,5,2,Progressive,NA,NA
DC,2010,6,3,Progressive,NA,NA
DC,2011,6,3,Progressive,NA,NA
DC,2012,6,3,Progressive,NA,NA
DC,2013,6,3,Progressive,NA,NA
DC,2014,7,3,Progressive,NA,NA
DC,2015,7,3,Progressive,NA,NA
DC,2016,7,3,Progressive,NA,NA
DC,2017,7,3,Progressive,NA,NA
DC,2018,7,3,Progressive,NA,NA
DC,2019,7,3,Progressive,NA,NA
DC,2020,7,3,Progressive,NA,NA
Delaware,1991,0,0,Repressive,6.208333333333333,NA
Delaware,1992,0,0,Repressive,5.416666666666666,NA
Delaware,1993,0,0,Repressive,5.058333333333334,NA
Delaware,1994,0,0,Repressive,4.783333333333333,NA
Delaware,1995,0,0,Repressive,4.325,NA
Delaware,1996,0,0,Repressive,5.091666666666667,NA
Delaware,1997,1,0,Neutral,4.008333333333333,NA
Delaware,1998,1,0,Neutral,3.708333333333333,NA
Delaware,1999,1,0,Neutral,3.408333333333333,NA
Delaware,2000,1,0,Neutral,3.7583333333333333,NA
Delaware,2001,1,0,Neutral,3.4916666666666667,NA
Delaware,2002,1,0,Neutral,4.016666666666667,NA
Delaware,2003,1,0,Neutral,4.241666666666667,NA
Delaware,2004,1,0,Neutral,3.9916666666666667,NA
Delaware,2005,1,0,Neutral,4.141666666666667,NA
Delaware,2006,1,0,Neutral,3.591666666666667,NA
Delaware,2007,1,0,Neutral,3.4416666666666664,NA
Delaware,2008,1,0,Neutral,4.966666666666667,32.014796859783885
Delaware,2009,4,1,Progressive,8.258333333333333,30.806930171889945
Delaware,2010,4,1,Progressive,8.416666666666666,31.019428855317898
Delaware,2011,4,1,Progressive,7.5,32.810907123798
Delaware,2012,4,1,Progressive,7.208333333333333,31.941606323191095
Delaware,2013,5,2,Progressive,6.691666666666666,31.479333547963506
Delaware,2014,5,2,Progressive,5.716666666666667,32.182933301377055
Delaware,2015,5,2,Progressive,4.858333333333333,33.06284481951428
Delaware,2016,5,2,Progressive,4.525,33.58693666136467
Delaware,2017,5,2,Progressive,4.466666666666667,34.50104191333177
Delaware,2018,6,2,Progressive,3.783333333333333,35.19927280392053
Delaware,2019,6,2,Progressive,3.7666666666666666,35.36944384893283
Delaware,2020,6,2,Progressive,8.60909090909091,NA
Florida,1991,-1,-1,Repressive,7.541666666666667,NA
Florida,1992,-1,-1,Repressive,8.233333333333334,NA
Florida,1993,-1,-1,Repressive,7.125,NA
Florida,1994,-1,-1,Repressive,6.425,NA
Florida,1995,-1,-1,Repressive,5.516666666666667,NA
Florida,1996,-1,-1,Repressive,5.166666666666667,NA
Florida,1997,-1,-1,Repressive,4.791666666666667,NA
Florida,1998,-1,-1,Repressive,4.316666666666666,NA
Florida,1999,-1,-1,Repressive,3.875,NA
Florida,2000,-1,-1,Repressive,3.716666666666667,NA
Florida,2001,0,-1,Repressive,4.633333333333334,NA
Florida,2002,0,-1,Repressive,5.641666666666667,NA
Florida,2003,1,0,Neutral,5.225,NA
Florida,2004,1,0,Neutral,4.608333333333333,NA
Florida,2005,1,0,Neutral,3.683333333333333,NA
Florida,2006,1,0,Neutral,3.2416666666666667,NA
Florida,2007,1,0,Neutral,4.008333333333334,NA
Florida,2008,0,0,Repressive,6.3,30.855182268944016
Florida,2009,0,0,Repressive,10.391666666666667,27.718666024159813
Florida,2010,0,0,Repressive,11.033333333333333,29.233864671362063
Florida,2011,0,0,Repressive,9.991666666666667,30.000102840790543
Florida,2012,0,0,Repressive,8.483333333333333,29.79511182653089
Florida,2013,0,0,Repressive,7.233333333333333,28.893566648651785
Florida,2014,0,0,Repressive,6.275,30.18658801603301
Florida,2015,2,1,Neutral,5.45,31.17342136147344
Florida,2016,2,1,Neutral,4.816666666666666,31.686684675220214
Florida,2017,2,1,Neutral,4.225,32.943000452069846
Florida,2018,2,1,Neutral,3.591666666666667,33.89185224218791
Florida,2019,2,1,Neutral,3.125,34.03282487334409
Florida,2020,3,1,Progressive,7.863636363636364,NA
Georgia,1991,-1,-1,Repressive,5.208333333333333,NA
Georgia,1992,-1,-1,Repressive,6.891666666666667,NA
Georgia,1993,-1,-1,Repressive,6.05,NA
Georgia,1994,-1,-1,Repressive,5.208333333333333,NA
Georgia,1995,-1,-1,Repressive,4.825,NA
Georgia,1996,-1,-1,Repressive,4.683333333333334,NA
Georgia,1997,-1,-1,Repressive,4.583333333333333,NA
Georgia,1998,0,0,Repressive,4.283333333333333,NA
Georgia,1999,0,0,Repressive,3.9166666666666665,NA
Georgia,2000,0,0,Repressive,3.5833333333333335,NA
Georgia,2001,0,0,Repressive,4.033333333333333,NA
Georgia,2002,0,0,Repressive,5,NA
Georgia,2003,0,0,Repressive,4.825,NA
Georgia,2004,-1,0,Repressive,4.758333333333334,NA
Georgia,2005,-1,0,Repressive,5.325,NA
Georgia,2006,-1,0,Repressive,4.725,NA
Georgia,2007,-1,0,Repressive,4.541666666666667,NA
Georgia,2008,-1,0,Repressive,6.266666666666667,27.653859818842353
Georgia,2009,-1,0,Repressive,9.933333333333334,25.7736425881415
Georgia,2010,-1,0,Repressive,10.491666666666667,26.229557955038068
Georgia,2011,-1,0,Repressive,10.233333333333334,27.343294749884024
Georgia,2012,-1,0,Repressive,9.191666666666666,26.997132335779682
Georgia,2013,-1,0,Repressive,8.2,26.661372488455175
Georgia,2014,-1,0,Repressive,7.1,27.85087102953514
Georgia,2015,1,1,Neutral,5.983333333333333,28.784787988316122
Georgia,2016,1,1,Neutral,5.383333333333334,29.501704378448252
Georgia,2017,1,1,Neutral,4.691666666666666,30.491156652961067
Georgia,2018,1,1,Neutral,3.9499999999999997,31.227134952837645
Georgia,2019,1,1,Neutral,3.4333333333333336,31.312847453374765
Georgia,2020,3,1,Progressive,6.381818181818182,NA
Hawaii,1991,1,0,Neutral,2.875,NA
Hawaii,1992,1,0,Neutral,4.333333333333333,NA
Hawaii,1993,1,0,Neutral,4.508333333333334,NA
Hawaii,1994,1,0,Neutral,5.508333333333333,NA
Hawaii,1995,1,0,Neutral,5.875,NA
Hawaii,1996,1,0,Neutral,6.258333333333333,NA
Hawaii,1997,1,0,Neutral,6.233333333333333,NA
Hawaii,1998,1,0,Neutral,6.091666666666667,NA
Hawaii,1999,1,0,Neutral,5.4,NA
Hawaii,2000,1,0,Neutral,4.258333333333333,NA
Hawaii,2001,1,0,Neutral,4.458333333333333,NA
Hawaii,2002,1,0,Neutral,4.241666666666666,NA
Hawaii,2003,2,0,Neutral,4.125,NA
Hawaii,2004,2,0,Neutral,3.3916666666666666,NA
Hawaii,2005,3,0,Progressive,2.8583333333333334,NA
Hawaii,2006,3,0,Progressive,2.6416666666666666,NA
Hawaii,2007,3,0,Progressive,2.775,NA
Hawaii,2008,3,0,Progressive,4.325,33.08242846274019
Hawaii,2009,3,0,Progressive,7.125,31.308139013713273
Hawaii,2010,3,0,Progressive,6.95,31.852185598133044
Hawaii,2011,3,0,Progressive,6.8,32.54253511911724
Hawaii,2012,4,1,Progressive,6.008333333333333,32.449605189551264
Hawaii,2013,4,1,Progressive,4.883333333333333,31.92165446456735
Hawaii,2014,5,2,Progressive,4.358333333333333,33.06739893077589
Hawaii,2015,5,2,Progressive,3.5666666666666664,34.07641308855077
Hawaii,2016,5,2,Progressive,2.95,35.19214409374294
Hawaii,2017,5,2,Progressive,2.4333333333333336,36.290684132348844
Hawaii,2018,6,2,Progressive,2.5166666666666666,36.71816830900564
Hawaii,2019,6,2,Progressive,2.716666666666667,37.01181684953484
Hawaii,2020,6,2,Progressive,12.209090909090909,NA
Idaho,1991,-1,-1,Repressive,6.191666666666666,NA
Idaho,1992,-1,-1,Repressive,6.358333333333333,NA
Idaho,1993,-1,-1,Repressive,5.975,NA
Idaho,1994,-1,-1,Repressive,5.408333333333333,NA
Idaho,1995,-1,-1,Repressive,5.416666666666667,NA
Idaho,1996,-1,-1,Repressive,5.3,NA
Idaho,1997,-1,-1,Repressive,5.141666666666667,NA
Idaho,1998,-1,-1,Repressive,5.108333333333333,NA
Idaho,1999,-1,-1,Repressive,4.9,NA
Idaho,2000,-1,-1,Repressive,4.7,NA
Idaho,2001,-1,-1,Repressive,5.091666666666667,NA
Idaho,2002,-1,-1,Repressive,5.533333333333333,NA
Idaho,2003,0,0,Repressive,5.6,NA
Idaho,2004,0,0,Repressive,4.933333333333334,NA
Idaho,2005,0,0,Repressive,4.033333333333333,NA
Idaho,2006,-1,0,Repressive,3.475,NA
Idaho,2007,-1,0,Repressive,3.0416666666666665,NA
Idaho,2008,-1,0,Repressive,5.141666666666667,25.72536179082187
Idaho,2009,-1,0,Repressive,8.733333333333333,23.611327705592526
Idaho,2010,-1,0,Repressive,8.966666666666667,24.281393458160295
Idaho,2011,-1,0,Repressive,8.316666666666666,25.05353583529576
Idaho,2012,-1,0,Repressive,7.2,25.501398155797688
Idaho,2013,-1,0,Repressive,6.116666666666667,25.707152084096318
Idaho,2014,1,1,Neutral,4.833333333333333,26.523472849970588
Idaho,2015,1,1,Neutral,4.1,27.39319731459143
Idaho,2016,1,1,Neutral,3.783333333333333,27.89993569378288
Idaho,2017,1,1,Neutral,3.2083333333333335,28.707627063914074
Idaho,2018,1,1,Neutral,2.908333333333333,29.629102597881648
Idaho,2019,1,1,Neutral,2.9,29.840554186431945
Idaho,2020,2,1,Neutral,5.4818181818181815,NA
Illinois,1991,0,0,Repressive,7.266666666666667,NA
Illinois,1992,0,0,Repressive,7.916666666666667,NA
Illinois,1993,0,0,Repressive,7.458333333333333,NA
Illinois,1994,0,0,Repressive,5.75,NA
Illinois,1995,0,0,Repressive,5.15,NA
Illinois,1996,0,0,Repressive,5.275,NA
Illinois,1997,0,0,Repressive,4.766666666666667,NA
Illinois,1998,0,0,Repressive,4.425,NA
Illinois,1999,0,0,Repressive,4.366666666666666,NA
Illinois,2000,0,0,Repressive,4.333333333333333,NA
Illinois,2001,1,0,Neutral,5.325,NA
Illinois,2002,1,0,Neutral,6.533333333333333,NA
Illinois,2003,1,0,Neutral,6.758333333333333,NA
Illinois,2004,1,0,Neutral,6.191666666666666,NA
Illinois,2005,3,0,Progressive,5.683333333333334,NA
Illinois,2006,3,0,Progressive,4.566666666666666,NA
Illinois,2007,3,0,Progressive,4.958333333333333,NA
Illinois,2008,3,0,Progressive,6.308333333333334,34.01562339109743
Illinois,2009,3,0,Progressive,10.2,31.073433966937998
Illinois,2010,3,0,Progressive,10.366666666666667,31.982873700107685
Illinois,2011,4,1,Progressive,9.691666666666666,32.99704815211419
Illinois,2012,4,1,Progressive,8.991666666666667,33.37139485860993
Illinois,2013,5,2,Progressive,9.041666666666666,33.45735292783238
Illinois,2014,5,2,Progressive,7.1,34.60961589849348
Illinois,2015,6,2,Progressive,5.958333333333334,35.635325154514504
Illinois,2016,6,2,Progressive,5.816666666666666,36.04976777333835
Illinois,2017,7,3,Progressive,4.925,36.84693345962587
Illinois,2018,7,3,Progressive,4.333333333333333,38.00231332665859
Illinois,2019,7,3,Progressive,3.9833333333333334,38.14719644560318
Illinois,2020,7,3,Progressive,9.572727272727272,NA
Indiana,1991,0,0,Repressive,5.966666666666667,NA
Indiana,1992,0,0,Repressive,6.558333333333334,NA
Indiana,1993,0,0,Repressive,5.3999999999999995,NA
Indiana,1994,0,0,Repressive,4.85,NA
Indiana,1995,0,0,Repressive,4.608333333333333,NA
Indiana,1996,0,0,Repressive,4.058333333333334,NA
Indiana,1997,0,0,Repressive,3.4916666666666667,NA
Indiana,1998,0,0,Repressive,3.0833333333333335,NA
Indiana,1999,0,0,Repressive,3.0416666666666665,NA
Indiana,2000,0,0,Repressive,3.1416666666666666,NA
Indiana,2001,0,0,Repressive,4.233333333333333,NA
Indiana,2002,0,0,Repressive,5.191666666666666,NA
Indiana,2003,0,0,Repressive,5.3,NA
Indiana,2004,0,0,Repressive,5.358333333333333,NA
Indiana,2005,0,0,Repressive,5.466666666666667,NA
Indiana,2006,0,0,Repressive,5.083333333333333,NA
Indiana,2007,0,0,Repressive,4.558333333333334,NA
Indiana,2008,0,0,Repressive,5.916666666666667,27.695527326174226
Indiana,2009,0,0,Repressive,10.291666666666666,25.819069371388323
Indiana,2010,1,1,Neutral,10.341666666666667,26.938464926795856
Indiana,2011,1,1,Neutral,9.108333333333334,28.145420546603972
Indiana,2012,1,1,Neutral,8.350000000000001,28.50373667695341
Indiana,2013,1,1,Neutral,7.633333333333334,28.148081957746427
Indiana,2014,2,2,Neutral,5.958333333333333,28.757728193855463
Indiana,2015,2,2,Neutral,4.833333333333333,29.367314316852035
Indiana,2016,2,2,Neutral,4.433333333333334,30.035398023489186
Indiana,2017,3,2,Progressive,3.5583333333333336,30.728870040686296
Indiana,2018,3,2,Progressive,3.475,31.469200611266267
Indiana,2019,4,2,Progressive,3.316666666666667,31.599775859013533
Indiana,2020,4,2,Progressive,7.381818181818182,NA
Iowa,1991,0,0,Repressive,4.658333333333333,NA
Iowa,1992,0,0,Repressive,4.466666666666667,NA
Iowa,1993,0,0,Repressive,4.058333333333334,NA
Iowa,1994,0,0,Repressive,3.5,NA
Iowa,1995,0,0,Repressive,3.4583333333333335,NA
Iowa,1996,0,0,Repressive,3.525,NA
Iowa,1997,0,0,Repressive,3.1083333333333334,NA
Iowa,1998,0,0,Repressive,2.7416666666666667,NA
Iowa,1999,0,0,Repressive,2.591666666666667,NA
Iowa,2000,0,0,Repressive,2.625,NA
Iowa,2001,0,0,Repressive,3.325,NA
Iowa,2002,1,0,Neutral,4.008333333333333,NA
Iowa,2003,1,0,Neutral,4.491666666666666,NA
Iowa,2004,1,0,Neutral,4.491666666666667,NA
Iowa,2005,1,0,Neutral,4.25,NA
Iowa,2006,1,0,Neutral,3.7,NA
Iowa,2007,3,0,Progressive,3.7,NA
Iowa,2008,3,0,Progressive,4.233333333333333,30.296994906573637
Iowa,2009,4,1,Progressive,6.391666666666667,28.11615037756955
Iowa,2010,4,1,Progressive,6.008333333333334,28.95273328920731
Iowa,2011,4,1,Progressive,5.525,30.610854728880195
Iowa,2012,5,2,Progressive,5.033333333333333,31.092284395410623
Iowa,2013,5,2,Progressive,4.733333333333333,30.865906145161382
Iowa,2014,5,2,Progressive,4.241666666666667,31.348848625551575
Iowa,2015,5,2,Progressive,3.7583333333333333,31.879200896638114
Iowa,2016,5,2,Progressive,3.625,32.012677958402435
Iowa,2017,5,2,Progressive,3.1166666666666667,32.37112995931373
Iowa,2018,5,2,Progressive,2.6166666666666667,33.36715497707752
Iowa,2019,5,2,Progressive,2.7416666666666667,33.66864651234104
Iowa,2020,5,2,Progressive,5.790909090909091,NA
Kansas,1991,-1,-1,Repressive,4.408333333333333,NA
Kansas,1992,-1,-1,Repressive,4.491666666666666,NA
Kansas,1993,-1,-1,Repressive,4.966666666666667,NA
Kansas,1994,-1,-1,Repressive,4.891666666666667,NA
Kansas,1995,-1,-1,Repressive,4.416666666666667,NA
Kansas,1996,-1,-1,Repressive,4.241666666666666,NA
Kansas,1997,-1,-1,Repressive,3.7583333333333333,NA
Kansas,1998,-1,-1,Repressive,3.525,NA
Kansas,1999,-1,-1,Repressive,3.2666666666666666,NA
Kansas,2000,-1,-1,Repressive,3.6083333333333334,NA
Kansas,2001,-1,-1,Repressive,4.208333333333333,NA
Kansas,2002,0,-1,Repressive,5.058333333333334,NA
Kansas,2003,1,0,Neutral,5.508333333333333,NA
Kansas,2004,1,0,Neutral,5.45,NA
Kansas,2005,0,0,Repressive,5.008333333333334,NA
Kansas,2006,0,0,Repressive,4.391666666666667,NA
Kansas,2007,0,0,Repressive,4.241666666666667,NA
Kansas,2008,0,0,Repressive,4.625,32.06904323725369
Kansas,2009,0,0,Repressive,6.866666666666667,29.594035059199662
Kansas,2010,0,0,Repressive,7.058333333333334,30.060542897806297
Kansas,2011,0,0,Repressive,6.491666666666667,31.93253078535817
Kansas,2012,0,0,Repressive,5.733333333333333,32.6974448647227
Kansas,2013,0,0,Repressive,5.308333333333334,32.632349869897126
Kansas,2014,0,0,Repressive,4.533333333333333,32.80429839544839
Kansas,2015,2,1,Neutral,4.183333333333334,32.598751739806
Kansas,2016,2,1,Neutral,4.0249999999999995,32.592450822796124
Kansas,2017,2,1,Neutral,3.65,33.20041009192088
Kansas,2018,1,1,Neutral,3.2916666666666665,34.089361859092584
Kansas,2019,1,1,Neutral,3.15,34.68198416211958
Kansas,2020,2,1,Neutral,6.2727272727272725,NA
Kentucky,1991,-1,-1,Repressive,7.291666666666667,NA
Kentucky,1992,0,0,Repressive,6.858333333333333,NA
Kentucky,1993,0,0,Repressive,6.258333333333333,NA
Kentucky,1994,0,0,Repressive,5.375,NA
Kentucky,1995,0,0,Repressive,5.408333333333333,NA
Kentucky,1996,0,0,Repressive,5.45,NA
Kentucky,1997,0,0,Repressive,5.341666666666667,NA
Kentucky,1998,0,0,Repressive,4.6,NA
Kentucky,1999,0,0,Repressive,4.5,NA
Kentucky,2000,0,0,Repressive,4.166666666666666,NA
Kentucky,2001,1,0,Neutral,5.158333333333333,NA
Kentucky,2002,1,0,Neutral,5.683333333333334,NA
Kentucky,2003,1,0,Neutral,6.133333333333333,NA
Kentucky,2004,0,0,Repressive,5.408333333333333,NA
Kentucky,2005,0,0,Repressive,5.866666666666667,NA
Kentucky,2006,0,0,Repressive,5.733333333333333,NA
Kentucky,2007,0,0,Repressive,5.375,NA
Kentucky,2008,0,0,Repressive,6.466666666666667,25.75287806924858
Kentucky,2009,0,0,Repressive,10.333333333333332,24.346484481137008
Kentucky,2010,0,0,Repressive,10.166666666666666,25.18101388105549
Kentucky,2011,0,0,Repressive,9.375,25.883321142247436
Kentucky,2012,0,0,Repressive,8.166666666666666,25.91011621660672
Kentucky,2013,0,0,Repressive,8.016666666666666,25.503386268582187
Kentucky,2014,0,0,Repressive,6.458333333333333,26.299557500755693
Kentucky,2015,2,1,Neutral,5.275,26.99107512089761
Kentucky,2016,2,1,Neutral,5.125,27.34079531566654
Kentucky,2017,2,1,Neutral,4.891666666666667,27.781224032893473
Kentucky,2018,2,1,Neutral,4.333333333333333,28.155428149865628
Kentucky,2019,2,1,Neutral,4.275,28.413702069703405
Kentucky,2020,4,2,Progressive,6.918181818181818,NA
Louisiana,1991,0,0,Repressive,7.291666666666667,NA
Louisiana,1992,0,0,Repressive,8.025,NA
Louisiana,1993,0,0,Repressive,7.641666666666667,NA
Louisiana,1994,0,0,Repressive,7.841666666666667,NA
Louisiana,1995,0,0,Repressive,6.983333333333333,NA
Louisiana,1996,0,0,Repressive,6.6,NA
Louisiana,1997,0,0,Repressive,6,NA
Louisiana,1998,0,0,Repressive,5.691666666666666,NA
Louisiana,1999,0,0,Repressive,5.075,NA
Louisiana,2000,0,0,Repressive,5.3,NA
Louisiana,2001,0,0,Repressive,5.741666666666667,NA
Louisiana,2002,1,0,Neutral,6.158333333333333,NA
Louisiana,2003,1,0,Neutral,6.425,NA
Louisiana,2004,0,0,Repressive,5.916666666666667,NA
Louisiana,2005,0,0,Repressive,7.125,NA
Louisiana,2006,0,0,Repressive,4.425,NA
Louisiana,2007,0,0,Repressive,4.241666666666666,NA
Louisiana,2008,0,0,Repressive,4.925,29.789123024754954
Louisiana,2009,0,0,Repressive,6.825,27.60207061382629
Louisiana,2010,0,0,Repressive,7.95,28.606257856065245
Louisiana,2011,0,0,Repressive,7.833333333333333,28.934837919703938
Louisiana,2012,0,0,Repressive,7.091666666666667,29.388567797960196
Louisiana,2013,0,0,Repressive,6.675,29.046923499352314
Louisiana,2014,0,0,Repressive,6.366666666666667,29.868908114334378
Louisiana,2015,2,1,Neutral,6.325,29.539455666892202
Louisiana,2016,2,1,Neutral,6.066666666666666,29.248612546779356
Louisiana,2017,2,1,Neutral,5.116666666666666,29.837784427270588
Louisiana,2018,2,1,Neutral,4.875,30.728373293987456
Louisiana,2019,2,1,Neutral,4.808333333333334,30.809099845284983
Louisiana,2020,3,1,Progressive,8.981818181818182,NA
Maine,1991,0,0,Repressive,7.566666666666666,NA
Maine,1992,0,0,Repressive,7.2749999999999995,NA
Maine,1993,0,0,Repressive,7.25,NA
Maine,1994,0,0,Repressive,6.991666666666667,NA
Maine,1995,0,0,Repressive,5.933333333333334,NA
Maine,1996,0,0,Repressive,5.208333333333333,NA
Maine,1997,0,0,Repressive,5.025,NA
Maine,1998,0,0,Repressive,4.5,NA
Maine,1999,0,0,Repressive,3.9416666666666664,NA
Maine,2000,0,0,Repressive,3.3583333333333334,NA
Maine,2001,1,0,Neutral,3.8249999999999997,NA
Maine,2002,1,0,Neutral,4.35,NA
Maine,2003,1,0,Neutral,4.958333333333333,NA
Maine,2004,1,0,Neutral,4.641666666666667,NA
Maine,2005,4,1,Progressive,4.875,NA
Maine,2006,4,1,Progressive,4.566666666666666,NA
Maine,2007,4,1,Progressive,4.683333333333334,NA
Maine,2008,4,1,Progressive,5.516666666666667,29.131090880664804
Maine,2009,4,1,Progressive,8.083333333333332,28.054824220186333
Maine,2010,4,1,Progressive,8.125,28.804569452666296
Maine,2011,4,1,Progressive,7.891666666666667,29.5044743196113
Maine,2012,5,2,Progressive,7.466666666666667,29.19507892874741
Maine,2013,5,2,Progressive,6.65,28.520114317779196
Maine,2014,5,2,Progressive,5.608333333333333,29.267135613319347
Maine,2015,5,2,Progressive,4.383333333333333,30.036599885808194
Maine,2016,5,2,Progressive,3.7666666666666666,30.83318749288027
Maine,2017,5,2,Progressive,3.375,31.626068284072083
Maine,2018,5,2,Progressive,3.2416666666666667,32.44743847815777
Maine,2019,6,2,Progressive,3.0166666666666666,32.869531427858405
Maine,2020,6,2,Progressive,6.290909090909091,NA
Maryland,1991,-1,-1,Repressive,6.108333333333333,NA
Maryland,1992,-1,-1,Repressive,6.775,NA
Maryland,1993,-1,-1,Repressive,6.183333333333334,NA
Maryland,1994,-1,-1,Repressive,5.258333333333333,NA
Maryland,1995,-1,-1,Repressive,5.041666666666667,NA
Maryland,1996,-1,-1,Repressive,5.033333333333333,NA
Maryland,1997,-1,-1,Repressive,4.95,NA
Maryland,1998,-1,-1,Repressive,4.391666666666667,NA
Maryland,1999,0,0,Repressive,3.558333333333333,NA
Maryland,2000,0,0,Repressive,3.5833333333333335,NA
Maryland,2001,3,1,Progressive,4.008333333333333,NA
Maryland,2002,3,1,Progressive,4.433333333333334,NA
Maryland,2003,3,1,Progressive,4.425,NA
Maryland,2004,3,1,Progressive,4.241666666666667,NA
Maryland,2005,4,1,Progressive,4.125,NA
Maryland,2006,4,1,Progressive,3.8666666666666667,NA
Maryland,2007,4,1,Progressive,3.45,NA
Maryland,2008,4,1,Progressive,4.25,38.85927457358179
Maryland,2009,4,1,Progressive,7.016666666666667,36.91304695331763
Maryland,2010,4,1,Progressive,7.6499999999999995,37.99604602003386
Maryland,2011,4,1,Progressive,7.25,39.196516215672936
Maryland,2012,5,2,Progressive,6.966666666666667,38.80430142223639
Maryland,2013,5,2,Progressive,6.566666666666666,37.6696964241576
Maryland,2014,5,2,Progressive,5.816666666666666,38.2727310645559
Maryland,2015,5,2,Progressive,5.066666666666666,39.273016163563256
Maryland,2016,5,2,Progressive,4.441666666666666,40.58478825710113
Maryland,2017,5,2,Progressive,4.233333333333333,41.26568574688397
Maryland,2018,5,2,Progressive,3.958333333333333,41.701794804236705
Maryland,2019,6,2,Progressive,3.591666666666667,41.96165642644798
Maryland,2020,6,2,Progressive,6.836363636363636,NA
Massachusetts,1991,1,0,Neutral,8.616666666666667,NA
Massachusetts,1992,1,0,Neutral,8.458333333333334,NA
Massachusetts,1993,1,0,Neutral,6.991666666666666,NA
Massachusetts,1994,1,0,Neutral,6.025,NA
Massachusetts,1995,1,0,Neutral,5.283333333333333,NA
Massachusetts,1996,1,0,Neutral,4.441666666666666,NA
Massachusetts,1997,1,0,Neutral,3.9166666666666665,NA
Massachusetts,1998,1,0,Neutral,3.2916666666666665,NA
Massachusetts,1999,1,0,Neutral,3.1750000000000003,NA
Massachusetts,2000,2,1,Neutral,2.7083333333333335,NA
Massachusetts,2001,2,1,Neutral,3.725,NA
Massachusetts,2002,3,1,Progressive,5.258333333333334,NA
Massachusetts,2003,3,1,Progressive,5.716666666666667,NA
Massachusetts,2004,4,2,Progressive,5.141666666666667,NA
Massachusetts,2005,4,2,Progressive,4.85,NA
Massachusetts,2006,4,2,Progressive,4.891666666666667,NA
Massachusetts,2007,4,2,Progressive,4.6,NA
Massachusetts,2008,4,2,Progressive,5.55,40.81528888002899
Massachusetts,2009,4,2,Progressive,8.1,38.56885320266448
Massachusetts,2010,4,2,Progressive,8.291666666666666,40.31727945917644
Massachusetts,2011,5,2,Progressive,7.241666666666667,41.3412495901273
Massachusetts,2012,5,2,Progressive,6.658333333333333,41.547930107028954
Massachusetts,2013,5,2,Progressive,6.716666666666667,40.736833438168205
Massachusetts,2014,5,2,Progressive,5.75,41.958237765539806
Massachusetts,2015,5,2,Progressive,4.791666666666667,43.8051536274207
Massachusetts,2016,5,2,Progressive,3.8833333333333333,45.202338685973324
Massachusetts,2017,5,2,Progressive,3.7416666666666667,46.48451337911439
Massachusetts,2018,5,2,Progressive,3.3583333333333334,47.74878115613638
Massachusetts,2019,5,2,Progressive,2.908333333333333,48.15918015638763
Massachusetts,2020,5,2,Progressive,10.036363636363637,NA
Michigan,1991,-1,-1,Repressive,9.2,NA
Michigan,1992,-1,-1,Repressive,8.975,NA
Michigan,1993,-1,-1,Repressive,7.25,NA
Michigan,1994,-1,-1,Repressive,6.008333333333333,NA
Michigan,1995,-1,-1,Repressive,5.258333333333334,NA
Michigan,1996,-1,-1,Repressive,4.891666666666667,NA
Michigan,1997,-1,-1,Repressive,4.25,NA
Michigan,1998,-1,-1,Repressive,3.9583333333333335,NA
Michigan,1999,-1,-1,Repressive,3.6916666666666664,NA
Michigan,2000,-1,-1,Repressive,3.65,NA
Michigan,2001,-1,-1,Repressive,5.175,NA
Michigan,2002,-1,-1,Repressive,6.275,NA
Michigan,2003,0,0,Repressive,7.175,NA
Michigan,2004,-1,0,Repressive,7.016666666666667,NA
Michigan,2005,-1,0,Repressive,6.783333333333333,NA
Michigan,2006,-1,0,Repressive,7.008333333333333,NA
Michigan,2007,-1,0,Repressive,7,NA
Michigan,2008,-1,0,Repressive,8.041666666666666,28.066603995242982
Michigan,2009,0,1,Repressive,13.608333333333333,25.76455723149213
Michigan,2010,0,1,Repressive,12.575,26.89059661037491
Michigan,2011,0,1,Repressive,10.391666666666666,28.040015385991193
Michigan,2012,0,1,Repressive,9.125,28.30517506585115
Michigan,2013,0,1,Repressive,8.783333333333333,27.946446098492025
Michigan,2014,0,1,Repressive,7.233333333333333,28.794114438102884
Michigan,2015,1,2,Neutral,5.408333333333333,29.936757902784898
Michigan,2016,1,2,Neutral,4.991666666666667,30.69907633207746
Michigan,2017,1,2,Neutral,4.608333333333333,31.2070135405679
Michigan,2018,3,2,Progressive,4.15,31.772447699847184
Michigan,2019,3,2,Progressive,4.091666666666667,31.956813467840057
Michigan,2020,3,2,Progressive,10.081818181818182,NA
Minnesota,1991,-1,-1,Repressive,5.166666666666666,NA
Minnesota,1992,-1,-1,Repressive,5.125,NA
Minnesota,1993,2,-1,Neutral,4.975,NA
Minnesota,1994,2,-1,Neutral,4.058333333333334,NA
Minnesota,1995,2,-1,Neutral,3.725,NA
Minnesota,1996,2,-1,Neutral,3.9416666666666664,NA
Minnesota,1997,2,-1,Neutral,3.2583333333333333,NA
Minnesota,1998,2,-1,Neutral,2.6750000000000003,NA
Minnesota,1999,2,-1,Neutral,2.775,NA
Minnesota,2000,2,-1,Neutral,3.1416666666666666,NA
Minnesota,2001,3,0,Progressive,3.775,NA
Minnesota,2002,3,0,Progressive,4.491666666666667,NA
Minnesota,2003,3,0,Progressive,4.883333333333333,NA
Minnesota,2004,3,0,Progressive,4.675,NA
Minnesota,2005,3,0,Progressive,4.066666666666666,NA
Minnesota,2006,3,0,Progressive,3.9916666666666667,NA
Minnesota,2007,3,0,Progressive,4.55,NA
Minnesota,2008,4,1,Progressive,5.441666666666666,33.88747615156733
Minnesota,2009,4,1,Progressive,7.766666666666667,31.052991914476927
Minnesota,2010,4,1,Progressive,7.391666666666667,32.372658562392516
Minnesota,2011,4,1,Progressive,6.491666666666667,33.900841337793985
Minnesota,2012,4,1,Progressive,5.608333333333333,34.68233629833252
Minnesota,2013,5,2,Progressive,4.958333333333333,34.03883098673856
Minnesota,2014,5,2,Progressive,4.158333333333333,35.16730506513183
Minnesota,2015,5,2,Progressive,3.6833333333333336,36.04984152541122
Minnesota,2016,5,2,Progressive,3.8666666666666667,36.50780896869565
Minnesota,2017,5,2,Progressive,3.408333333333333,37.327793683938616
Minnesota,2018,5,2,Progressive,2.9416666666666664,38.15260683985878
Minnesota,2019,5,2,Progressive,3.225,38.19263759581746
Minnesota,2020,5,2,Progressive,6.027272727272727,NA
Mississippi,1991,0,0,Repressive,8.541666666666666,NA
Mississippi,1992,0,0,Repressive,8.041666666666666,NA
Mississippi,1993,0,0,Repressive,6.625,NA
Mississippi,1994,0,0,Repressive,6.266666666666667,NA
Mississippi,1995,0,0,Repressive,6.216666666666667,NA
Mississippi,1996,0,0,Repressive,6.025,NA
Mississippi,1997,0,0,Repressive,5.708333333333333,NA
Mississippi,1998,0,0,Repressive,5.266666666666667,NA
Mississippi,1999,0,0,Repressive,5.116666666666666,NA
Mississippi,2000,0,0,Repressive,5.358333333333333,NA
Mississippi,2001,0,0,Repressive,5.533333333333333,NA
Mississippi,2002,0,0,Repressive,6.6,NA
Mississippi,2003,0,0,Repressive,6.3,NA
Mississippi,2004,-1,0,Repressive,6.158333333333333,NA
Mississippi,2005,-1,0,Repressive,7.5,NA
Mississippi,2006,-1,0,Repressive,6.558333333333334,NA
Mississippi,2007,-1,0,Repressive,6.091666666666667,NA
Mississippi,2008,-1,0,Repressive,6.6,23.961961433361648
Mississippi,2009,-1,0,Repressive,9.475,22.603610230567075
Mississippi,2010,-1,0,Repressive,10.358333333333333,23.47978911174608
Mississippi,2011,-1,0,Repressive,9.983333333333333,24.04134727168084
Mississippi,2012,-1,0,Repressive,9,24.13755526494201
Mississippi,2013,-1,0,Repressive,8.533333333333333,24.03513642020859
Mississippi,2014,-1,0,Repressive,7.491666666666666,24.17376115414679
Mississippi,2015,1,1,Neutral,6.366666666666667,24.241633478056105
Mississippi,2016,0,1,Repressive,5.808333333333334,24.533401682861015
Mississippi,2017,0,1,Repressive,5.1,24.81456095408263
Mississippi,2018,0,1,Repressive,4.858333333333333,25.172168414396374
Mississippi,2019,0,1,Repressive,5.425,25.261384563409603
Mississippi,2020,1,1,Neutral,8.163636363636364,NA
Missouri,1991,-1,-1,Repressive,6.583333333333333,NA
Missouri,1992,-1,-1,Repressive,6.191666666666666,NA
Missouri,1993,-1,-1,Repressive,6.225,NA
Missouri,1994,-1,-1,Repressive,5.058333333333334,NA
Missouri,1995,-1,-1,Repressive,4.7250000000000005,NA
Missouri,1996,-1,-1,Repressive,4.758333333333333,NA
Missouri,1997,-1,-1,Repressive,4.358333333333333,NA
Missouri,1998,-1,-1,Repressive,4.116666666666667,NA
Missouri,1999,0,-1,Repressive,3.308333333333333,NA
Missouri,2000,0,-1,Repressive,3.5833333333333335,NA
Missouri,2001,0,-1,Repressive,4.591666666666667,NA
Missouri,2002,0,-1,Repressive,5.375,NA
Missouri,2003,1,0,Neutral,5.625,NA
Missouri,2004,0,0,Repressive,5.858333333333333,NA
Missouri,2005,0,0,Repressive,5.375,NA
Missouri,2006,1,1,Neutral,4.866666666666667,NA
Missouri,2007,1,1,Neutral,5.083333333333333,NA
Missouri,2008,1,1,Neutral,6.175,29.131090880664804
Missouri,2009,1,1,Neutral,9.258333333333333,27.393864523945
Missouri,2010,1,1,Neutral,9.575,27.978651040768426
Missouri,2011,1,1,Neutral,8.491666666666667,28.660485480378476
Missouri,2012,1,1,Neutral,6.975,29.082029252353422
Missouri,2013,1,1,Neutral,6.733333333333333,28.6287420870254
Missouri,2014,1,1,Neutral,6.133333333333333,29.231449104538225
Missouri,2015,3,2,Progressive,5,29.713662713132845
Missouri,2016,3,2,Progressive,4.575,30.479684227994913
Missouri,2017,3,2,Progressive,3.7333333333333334,30.79542978924936
Missouri,2018,3,2,Progressive,3.1666666666666665,31.328217315697948
Missouri,2019,3,2,Progressive,3.2416666666666667,31.585494354660472
Missouri,2020,4,2,Progressive,6.0636363636363635,NA
Montana,1991,-1,-1,Repressive,6.883333333333334,NA
Montana,1992,-1,-1,Repressive,6.75,NA
Montana,1993,-1,-1,Repressive,6.033333333333333,NA
Montana,1994,-1,-1,Repressive,5.233333333333333,NA
Montana,1995,-1,-1,Repressive,5.65,NA
Montana,1996,-1,-1,Repressive,5.325,NA
Montana,1997,0,0,Repressive,5.3500000000000005,NA
Montana,1998,0,0,Repressive,5.525,NA
Montana,1999,0,0,Repressive,5.25,NA
Montana,2000,0,0,Repressive,4.95,NA
Montana,2001,0,0,Repressive,4.541666666666667,NA
Montana,2002,0,0,Repressive,4.4,NA
Montana,2003,0,0,Repressive,4.708333333333333,NA
Montana,2004,-1,0,Repressive,4.766666666666667,NA
Montana,2005,-1,0,Repressive,4.325,NA
Montana,2006,-1,0,Repressive,3.5083333333333333,NA
Montana,2007,-1,0,Repressive,3.575,NA
Montana,2008,-1,0,Repressive,5.108333333333333,27.71518181076473
Montana,2009,-1,0,Repressive,6.841666666666667,25.938693233938302
Montana,2010,0,1,Repressive,7.3,27.274302956288825
Montana,2011,0,1,Repressive,6.941666666666666,28.54162434181513
Montana,2012,0,1,Repressive,5.983333333333333,29.218268605956432
Montana,2013,0,1,Repressive,5.408333333333333,28.524374230298655
Montana,2014,1,2,Neutral,4.658333333333333,29.319615773291588
Montana,2015,2,2,Neutral,4.208333333333334,30.040042712808997
Montana,2016,2,2,Neutral,4.125,30.277485862476823
Montana,2017,2,2,Neutral,3.9583333333333335,31.37748799862228
Montana,2018,2,2,Neutral,3.6416666666666666,32.04975918216789
Montana,2019,2,2,Neutral,3.5,32.29372713871454
Montana,2020,3,2,Progressive,6.027272727272727,NA
Nebraska,1991,0,0,Repressive,2.65,NA
Nebraska,1992,0,0,Repressive,2.8666666666666667,NA
Nebraska,1993,0,0,Repressive,2.7583333333333333,NA
Nebraska,1994,0,0,Repressive,2.6333333333333333,NA
Nebraska,1995,0,0,Repressive,2.6416666666666666,NA
Nebraska,1996,0,0,Repressive,2.7416666666666667,NA
Nebraska,1997,0,0,Repressive,2.4916666666666667,NA
Nebraska,1998,0,0,Repressive,2.55,NA
Nebraska,1999,0,0,Repressive,2.775,NA
Nebraska,2000,-1,0,Repressive,2.833333333333333,NA
Nebraska,2001,-1,0,Repressive,3.1333333333333333,NA
Nebraska,2002,0,0,Repressive,3.6500000000000004,NA
Nebraska,2003,0,0,Repressive,3.9416666666666664,NA
Nebraska,2004,0,0,Repressive,3.8583333333333334,NA
Nebraska,2005,0,0,Repressive,3.8,NA
Nebraska,2006,0,0,Repressive,3.1333333333333333,NA
Nebraska,2007,0,0,Repressive,3,NA
Nebraska,2008,0,0,Repressive,3.341666666666667,31.624065706124625
Nebraska,2009,0,0,Repressive,4.641666666666667,29.727286956723685
Nebraska,2010,0,0,Repressive,4.625,31.091611237222494
Nebraska,2011,0,0,Repressive,4.391666666666667,33.95840302124919
Nebraska,2012,0,0,Repressive,4.016666666666667,33.74242969395431
Nebraska,2013,0,0,Repressive,3.7666666666666666,33.082480626119974
Nebraska,2014,0,0,Repressive,3.2666666666666666,34.254150281614834
Nebraska,2015,2,1,Neutral,3.0083333333333333,34.92747992314934
Nebraska,2016,2,1,Neutral,3.066666666666667,34.12269355503334
Nebraska,2017,2,1,Neutral,2.9166666666666665,34.397127203840455
Nebraska,2018,2,1,Neutral,2.9166666666666665,35.172672182115186
Nebraska,2019,2,1,Neutral,3.0583333333333336,35.3889186275961
Nebraska,2020,4,1,Progressive,4.3545454545454545,NA
Nevada,1991,-1,-1,Repressive,5.841666666666667,NA
Nevada,1992,-1,-1,Repressive,6.65,NA
Nevada,1993,0,0,Repressive,6.85,NA
Nevada,1994,0,0,Repressive,6.175,NA
Nevada,1995,0,0,Repressive,5.558333333333334,NA
Nevada,1996,0,0,Repressive,5.041666666666667,NA
Nevada,1997,0,0,Repressive,4.391666666666667,NA
Nevada,1998,0,0,Repressive,4.208333333333333,NA
Nevada,1999,1,0,Neutral,4,NA
Nevada,2000,0,0,Repressive,4.166666666666667,NA
Nevada,2001,1,0,Neutral,5.2,NA
Nevada,2002,2,1,Neutral,5.616666666666666,NA
Nevada,2003,2,1,Neutral,5.075,NA
Nevada,2004,2,1,Neutral,4.3,NA
Nevada,2005,2,1,Neutral,4.091666666666667,NA
Nevada,2006,2,1,Neutral,4.05,NA
Nevada,2007,2,1,Neutral,4.491666666666667,NA
Nevada,2008,2,1,Neutral,6.708333333333333,30.451872245146827
Nevada,2009,3,2,Progressive,11.3,27.31512476631716
Nevada,2010,3,2,Progressive,13.5,28.28637593204592
Nevada,2011,4,2,Progressive,13.016666666666666,28.81896699846294
Nevada,2012,4,2,Progressive,11.191666666666666,28.73998151352033
Nevada,2013,4,2,Progressive,9.625,27.891777221158964
Nevada,2014,6,3,Progressive,7.916666666666667,29.042520528638157
Nevada,2015,6,3,Progressive,6.758333333333334,30.51308714271937
Nevada,2016,6,3,Progressive,5.708333333333333,31.190129505478524
Nevada,2017,7,3,Progressive,5.008333333333334,32.36297978602029
Nevada,2018,7,3,Progressive,4.45,33.250777256679136
Nevada,2019,7,3,Progressive,3.9,33.21163837304309
Nevada,2020,7,3,Progressive,13.336363636363636,NA
New Hampshire,1991,0,0,Repressive,7.291666666666667,NA
New Hampshire,1992,0,0,Repressive,7.291666666666667,NA
New Hampshire,1993,0,0,Repressive,6.116666666666667,NA
New Hampshire,1994,0,0,Repressive,4.725,NA
New Hampshire,1995,0,0,Repressive,3.9749999999999996,NA
New Hampshire,1996,0,0,Repressive,3.808333333333333,NA
New Hampshire,1997,1,0,Neutral,3.325,NA
New Hampshire,1998,2,0,Neutral,2.833333333333333,NA
New Hampshire,1999,2,0,Neutral,2.7083333333333335,NA
New Hampshire,2000,2,0,Neutral,2.6750000000000003,NA
New Hampshire,2001,2,0,Neutral,3.4416666666666664,NA
New Hampshire,2002,3,0,Progressive,4.466666666666667,NA
New Hampshire,2003,3,0,Progressive,4.333333333333334,NA
New Hampshire,2004,3,0,Progressive,3.775,NA
New Hampshire,2005,3,0,Progressive,3.575,NA
New Hampshire,2006,3,0,Progressive,3.4416666666666664,NA
New Hampshire,2007,3,0,Progressive,3.525,NA
New Hampshire,2008,3,0,Progressive,3.8666666666666667,35.923680755143785
New Hampshire,2009,3,0,Progressive,6.225,33.98831922527607
New Hampshire,2010,4,1,Progressive,5.833333333333333,35.547923551648445
New Hampshire,2011,4,1,Progressive,5.408333333333333,36.57334806964283
New Hampshire,2012,4,1,Progressive,5.483333333333333,36.9549246648168
New Hampshire,2013,4,1,Progressive,5.083333333333333,36.0289201187459
New Hampshire,2014,4,1,Progressive,4.283333333333333,36.854367274372805
New Hampshire,2015,4,1,Progressive,3.375,37.549536966961135
New Hampshire,2016,4,1,Progressive,2.8666666666666667,38.866789899739985
New Hampshire,2017,5,2,Progressive,2.725,39.90800271241902
New Hampshire,2018,6,2,Progressive,2.575,40.87917057490647
New Hampshire,2019,6,2,Progressive,2.55,41.22291315582147
New Hampshire,2020,6,2,Progressive,7.0636363636363635,NA
New Jersey,1991,0,0,Repressive,6.716666666666667,NA
New Jersey,1992,2,0,Neutral,8.366666666666667,NA
New Jersey,1993,2,0,Neutral,7.625,NA
New Jersey,1994,2,0,Neutral,6.816666666666666,NA
New Jersey,1995,2,0,Neutral,6.408333333333333,NA
New Jersey,1996,2,0,Neutral,6.141666666666667,NA
New Jersey,1997,2,0,Neutral,5.275,NA
New Jersey,1998,2,0,Neutral,4.575,NA
New Jersey,1999,2,0,Neutral,4.508333333333333,NA
New Jersey,2000,2,0,Neutral,3.7,NA
New Jersey,2001,2,0,Neutral,4.275,NA
New Jersey,2002,3,0,Progressive,5.783333333333333,NA
New Jersey,2003,3,0,Progressive,5.833333333333334,NA
New Jersey,2004,3,0,Progressive,4.841666666666667,NA
New Jersey,2005,3,0,Progressive,4.45,NA
New Jersey,2006,3,0,Progressive,4.733333333333333,NA
New Jersey,2007,4,1,Progressive,4.275,NA
New Jersey,2008,4,1,Progressive,5.358333333333333,40.88525884517119
New Jersey,2009,4,1,Progressive,9.033333333333333,37.96846255075224
New Jersey,2010,4,1,Progressive,9.533333333333333,39.06966397404645
New Jersey,2011,5,2,Progressive,9.341666666666667,40.139182226543255
New Jersey,2012,5,2,Progressive,9.333333333333334,40.28264334431162
New Jersey,2013,7,3,Progressive,8.241666666666667,39.79752272762746
New Jersey,2014,7,3,Progressive,6.741666666666666,41.05347980761837
New Jersey,2015,7,3,Progressive,5.766666666666667,42.10783991602468
New Jersey,2016,7,3,Progressive,4.983333333333333,43.21955675471944
New Jersey,2017,7,3,Progressive,4.625,44.135225927281354
New Jersey,2018,7,3,Progressive,4.091666666666667,45.117979659587924
New Jersey,2019,7,3,Progressive,3.525,45.7469042392979
New Jersey,2020,7,3,Progressive,10,NA
New Mexico,1991,0,0,Repressive,7.158333333333333,NA
New Mexico,1992,0,0,Repressive,7.158333333333333,NA
New Mexico,1993,0,0,Repressive,6.966666666666667,NA
New Mexico,1994,0,0,Repressive,6.466666666666667,NA
New Mexico,1995,0,0,Repressive,6.583333333333333,NA
New Mexico,1996,0,0,Repressive,7.216666666666667,NA
New Mexico,1997,0,0,Repressive,6.325,NA
New Mexico,1998,0,0,Repressive,6.066666666666666,NA
New Mexico,1999,0,0,Repressive,5.558333333333334,NA
New Mexico,2000,0,0,Repressive,4.925000000000001,NA
New Mexico,2001,0,0,Repressive,4.925,NA
New Mexico,2002,0,0,Repressive,5.541666666666666,NA
New Mexico,2003,3,0,Progressive,5.841666666666667,NA
New Mexico,2004,3,0,Progressive,5.516666666666667,NA
New Mexico,2005,3,0,Progressive,5.083333333333333,NA
New Mexico,2006,3,0,Progressive,4.175,NA
New Mexico,2007,3,0,Progressive,3.7583333333333333,NA
New Mexico,2008,3,0,Progressive,4.483333333333333,26.292197126412077
New Mexico,2009,4,1,Progressive,7.508333333333334,24.7795531480901
New Mexico,2010,4,1,Progressive,8.1,25.48569951414753
New Mexico,2011,4,1,Progressive,7.516666666666667,26.165896679209357
New Mexico,2012,4,1,Progressive,7.116666666666666,25.89199928128717
New Mexico,2013,5,2,Progressive,6.941666666666666,24.920488238836192
New Mexico,2014,5,2,Progressive,6.675,26.035057494495604
New Mexico,2015,5,2,Progressive,6.5,26.385826134156392
New Mexico,2016,5,2,Progressive,6.591666666666667,26.839425899126795
New Mexico,2017,6,2,Progressive,5.85,26.995411491184647
New Mexico,2018,6,2,Progressive,4.908333333333333,27.711197765716392
New Mexico,2019,6,2,Progressive,4.883333333333333,28.12547534548709
New Mexico,2020,6,2,Progressive,8.627272727272727,NA
New York,1991,0,0,Repressive,7.25,NA
New York,1992,0,0,Repressive,8.6,NA
New York,1993,0,0,Repressive,7.908333333333333,NA
New York,1994,0,0,Repressive,6.941666666666666,NA
New York,1995,0,0,Repressive,6.316666666666666,NA
New York,1996,0,0,Repressive,6.258333333333333,NA
New York,1997,0,0,Repressive,6.441666666666666,NA
New York,1998,0,0,Repressive,5.608333333333333,NA
New York,1999,0,0,Repressive,5.175,NA
New York,2000,0,0,Repressive,4.525,NA
New York,2001,0,0,Repressive,4.833333333333333,NA
New York,2002,3,0,Progressive,6.141666666666667,NA
New York,2003,3,0,Progressive,6.391666666666667,NA
New York,2004,3,0,Progressive,5.808333333333334,NA
New York,2005,3,0,Progressive,5,NA
New York,2006,3,0,Progressive,4.558333333333334,NA
New York,2007,3,0,Progressive,4.55,NA
New York,2008,4,1,Progressive,5.458333333333333,37.99447725159952
New York,2009,4,1,Progressive,8.316666666666666,35.79403385933745
New York,2010,4,1,Progressive,8.591666666666667,37.210397779093284
New York,2011,5,2,Progressive,8.3,38.496057807912834
New York,2012,5,2,Progressive,8.516666666666666,39.12243480644768
New York,2013,5,2,Progressive,7.708333333333333,38.694915370507445
New York,2014,5,2,Progressive,6.333333333333333,39.71558559605938
New York,2015,5,2,Progressive,5.258333333333334,40.79268000171783
New York,2016,5,2,Progressive,4.866666666666667,42.22850966386379
New York,2017,5,2,Progressive,4.7,44.69962542785183
New York,2018,5,2,Progressive,4.141666666666667,45.65797228223639
New York,2019,6,2,Progressive,3.9416666666666664,46.55575671311216
New York,2020,6,2,Progressive,10.245454545454546,NA
North Carolina,1991,-1,-1,Repressive,5.808333333333334,NA
North Carolina,1992,-1,-1,Repressive,6.041666666666666,NA
North Carolina,1993,-1,-1,Repressive,5.025,NA
North Carolina,1994,-1,-1,Repressive,4.366666666666667,NA
North Carolina,1995,-1,-1,Repressive,4.308333333333334,NA
North Carolina,1996,-1,-1,Repressive,4.291666666666667,NA
North Carolina,1997,-1,-1,Repressive,3.7583333333333333,NA
North Carolina,1998,-1,-1,Repressive,3.45,NA
North Carolina,1999,-1,-1,Repressive,3.1916666666666664,NA
North Carolina,2000,-1,-1,Repressive,3.683333333333333,NA
North Carolina,2001,-1,-1,Repressive,5.491666666666666,NA
North Carolina,2002,-1,-1,Repressive,6.625,NA
North Carolina,2003,0,0,Repressive,6.383333333333334,NA
North Carolina,2004,0,0,Repressive,5.475,NA
North Carolina,2005,0,0,Repressive,5.241666666666667,NA
North Carolina,2006,0,0,Repressive,4.758333333333334,NA
North Carolina,2007,0,0,Repressive,4.716666666666667,NA
North Carolina,2008,0,0,Repressive,6.133333333333334,29.628742430496423
North Carolina,2009,0,0,Repressive,10.575,27.10616156338176
North Carolina,2010,0,0,Repressive,10.816666666666666,27.111702643366886
North Carolina,2011,0,0,Repressive,10.266666666666667,27.483087409703806
North Carolina,2012,-1,0,Repressive,9.291666666666666,28.239954098700768
North Carolina,2013,-1,0,Repressive,7.958333333333333,27.122153025976676
North Carolina,2014,1,1,Neutral,6.316666666666666,28.037700399036314
North Carolina,2015,1,1,Neutral,5.691666666666666,28.808887777321743
North Carolina,2016,2,1,Neutral,5.083333333333333,29.44668441504197
North Carolina,2017,2,1,Neutral,4.466666666666667,30.161753815684683
North Carolina,2018,2,1,Neutral,3.9833333333333334,30.73435843389366
North Carolina,2019,3,1,Progressive,3.8833333333333333,31.00774258765028
North Carolina,2020,4,1,Progressive,7.209090909090909,NA
North Dakota,1991,0,0,Repressive,4.375,NA
North Dakota,1992,0,0,Repressive,4.75,NA
North Dakota,1993,0,0,Repressive,4.291666666666667,NA
North Dakota,1994,0,0,Repressive,3.7083333333333335,NA
North Dakota,1995,0,0,Repressive,3.2333333333333334,NA
North Dakota,1996,0,0,Repressive,2.9,NA
North Dakota,1997,0,0,Repressive,2.7333333333333334,NA
North Dakota,1998,0,0,Repressive,2.8916666666666666,NA
North Dakota,1999,0,0,Repressive,3.2916666666666665,NA
North Dakota,2000,0,0,Repressive,2.9583333333333335,NA
North Dakota,2001,0,0,Repressive,2.933333333333333,NA
North Dakota,2002,0,0,Repressive,3.7416666666666667,NA
North Dakota,2003,-1,0,Repressive,3.716666666666667,NA
North Dakota,2004,-2,0,NA,3.408333333333333,NA
North Dakota,2005,-2,0,NA,3.375,NA
North Dakota,2006,-2,0,NA,3.2083333333333335,NA
North Dakota,2007,-2,0,NA,3.1,NA
North Dakota,2008,-2,0,NA,3.191666666666667,31.749068228120244
North Dakota,2009,-2,0,NA,4.1,30.01423280423281
North Dakota,2010,-2,0,NA,3.783333333333333,33.04585425047118
North Dakota,2011,-2,0,NA,3.466666666666667,35.87288966188273
North Dakota,2012,-2,0,NA,3.066666666666667,40.16234689378982
North Dakota,2013,-2,0,NA,2.9166666666666665,38.212125284968735
North Dakota,2014,-2,0,NA,2.666666666666667,39.404903049023716
North Dakota,2015,0,1,Repressive,2.8,37.01865304343726
North Dakota,2016,0,1,Repressive,3.091666666666667,35.64743429092992
North Dakota,2017,0,1,Repressive,2.666666666666667,35.81729490022174
North Dakota,2018,0,1,Repressive,2.575,37.09988723191231
North Dakota,2019,0,1,Repressive,2.3666666666666667,37.15268441519912
North Dakota,2020,1,1,Neutral,5.209090909090909,NA
Ohio,1991,0,0,Repressive,6.5,NA
Ohio,1992,0,0,Repressive,7.358333333333333,NA
Ohio,1993,0,0,Repressive,6.616666666666667,NA
Ohio,1994,0,0,Repressive,5.566666666666666,NA
Ohio,1995,0,0,Repressive,4.791666666666667,NA
Ohio,1996,0,0,Repressive,4.991666666666667,NA
Ohio,1997,0,0,Repressive,4.641666666666667,NA
Ohio,1998,0,0,Repressive,4.308333333333334,NA
Ohio,1999,0,0,Repressive,4.283333333333333,NA
Ohio,2000,0,0,Repressive,4,NA
Ohio,2001,0,0,Repressive,4.3,NA
Ohio,2002,0,0,Repressive,5.75,NA
Ohio,2003,0,0,Repressive,6.25,NA
Ohio,2004,-1,0,Repressive,6.258333333333334,NA
Ohio,2005,-1,0,Repressive,5.908333333333333,NA
Ohio,2006,-1,0,Repressive,5.425,NA
Ohio,2007,-1,0,Repressive,5.541666666666667,NA
Ohio,2008,-1,0,Repressive,6.475,28.77102072296673
Ohio,2009,-1,0,Repressive,10.291666666666666,26.901741038771036
Ohio,2010,-1,0,Repressive,10.241666666666667,27.790217033270107
Ohio,2011,-1,0,Repressive,8.85,29.20470503304588
Ohio,2012,-1,0,Repressive,7.408333333333333,29.44509263615719
Ohio,2013,-1,0,Repressive,7.425,29.178980787455547
Ohio,2014,-1,0,Repressive,5.8,29.917189861508838
Ohio,2015,1,1,Neutral,4.908333333333333,30.575746594133992
Ohio,2016,1,1,Neutral,5.058333333333334,31.10416081265621
Ohio,2017,2,2,Neutral,4.958333333333333,31.805372096527684
Ohio,2018,2,2,Neutral,4.466666666666667,32.41751277862676
Ohio,2019,2,2,Neutral,4.141666666666667,32.58714713724106
Ohio,2020,3,2,Progressive,8.590909090909092,NA
Oklahoma,1991,-1,-1,Repressive,6.308333333333334,NA
Oklahoma,1992,-1,-1,Repressive,6,NA
Oklahoma,1993,-1,-1,Repressive,5.95,NA
Oklahoma,1994,-1,-1,Repressive,5.55,NA
Oklahoma,1995,-1,-1,Repressive,4.591666666666667,NA
Oklahoma,1996,-1,-1,Repressive,4.066666666666666,NA
Oklahoma,1997,-1,-1,Repressive,4.066666666666666,NA
Oklahoma,1998,-1,-1,Repressive,4.241666666666666,NA
Oklahoma,1999,-1,-1,Repressive,3.5166666666666666,NA
Oklahoma,2000,-1,-1,Repressive,3.0416666666666665,NA
Oklahoma,2001,-1,-1,Repressive,3.65,NA
Oklahoma,2002,-1,-1,Repressive,4.666666666666666,NA
Oklahoma,2003,0,0,Repressive,5.441666666666666,NA
Oklahoma,2004,-1,0,Repressive,4.858333333333333,NA
Oklahoma,2005,-1,0,Repressive,4.458333333333333,NA
Oklahoma,2006,-1,0,Repressive,4.025,NA
Oklahoma,2007,-1,0,Repressive,4.075,NA
Oklahoma,2008,-1,0,Repressive,3.7666666666666666,30.321366467465865
Oklahoma,2009,-1,0,Repressive,6.383333333333334,26.754861106272966
Oklahoma,2010,-1,0,Repressive,6.775,27.764383338693726
Oklahoma,2011,-1,0,Repressive,5.875,29.183025957458852
Oklahoma,2012,-1,0,Repressive,5.266666666666667,30.05019827583014
Oklahoma,2013,-1,0,Repressive,5.283333333333333,30.598241641855367
Oklahoma,2014,0,1,Repressive,4.508333333333334,31.867352606077315
Oklahoma,2015,1,1,Neutral,4.4,30.42908216389977
Oklahoma,2016,1,1,Neutral,4.8,28.807765089986525
Oklahoma,2017,1,1,Neutral,4.216666666666667,29.74405743439607
Oklahoma,2018,0,1,Repressive,3.441666666666667,30.486307635558834
Oklahoma,2019,0,1,Repressive,3.2916666666666665,30.731849889920696
Oklahoma,2020,1,1,Neutral,6.672727272727273,NA
Oregon,1991,0,0,Repressive,6.391666666666667,NA
Oregon,1992,0,0,Repressive,7.375,NA
Oregon,1993,0,0,Repressive,7.058333333333334,NA
Oregon,1994,0,0,Repressive,5.441666666666666,NA
Oregon,1995,0,0,Repressive,4.9,NA
Oregon,1996,0,0,Repressive,5.7,NA
Oregon,1997,0,0,Repressive,5.666666666666667,NA
Oregon,1998,0,0,Repressive,5.733333333333333,NA
Oregon,1999,0,0,Repressive,5.508333333333333,NA
Oregon,2000,0,0,Repressive,5.108333333333333,NA
Oregon,2001,1,0,Neutral,6.425,NA
Oregon,2002,1,0,Neutral,7.508333333333333,NA
Oregon,2003,1,0,Neutral,8.141666666666667,NA
Oregon,2004,0,0,Repressive,7.283333333333333,NA
Oregon,2005,0,0,Repressive,6.183333333333334,NA
Oregon,2006,0,0,Repressive,5.333333333333333,NA
Oregon,2007,3,1,Progressive,5.166666666666667,NA
Oregon,2008,4,2,Progressive,6.566666666666666,29.141311212651868
Oregon,2009,4,2,Progressive,11.258333333333333,26.863128273011235
Oregon,2010,4,2,Progressive,10.608333333333334,27.44602104376713
Oregon,2011,4,2,Progressive,9.5,28.2710096741426
Oregon,2012,4,2,Progressive,8.825,28.698674900991758
Oregon,2013,4,2,Progressive,7.875,28.413616504792717
Oregon,2014,6,3,Progressive,6.766666666666667,29.733859169339148
Oregon,2015,7,3,Progressive,5.583333333333333,31.09767916745577
Oregon,2016,7,3,Progressive,4.816666666666666,32.039500190563
Oregon,2017,7,3,Progressive,4.108333333333333,33.118229177878725
Oregon,2018,7,3,Progressive,4.05,34.24830057437951
Oregon,2019,7,3,Progressive,3.7666666666666666,34.52943172925734
Oregon,2020,7,3,Progressive,8.227272727272727,NA
Pennsylvania,1991,0,0,Repressive,7.058333333333334,NA
Pennsylvania,1992,0,0,Repressive,7.591666666666667,NA
Pennsylvania,1993,0,0,Repressive,7,NA
Pennsylvania,1994,0,0,Repressive,6.25,NA
Pennsylvania,1995,0,0,Repressive,5.858333333333333,NA
Pennsylvania,1996,0,0,Repressive,5.441666666666666,NA
Pennsylvania,1997,0,0,Repressive,5.116666666666666,NA
Pennsylvania,1998,0,0,Repressive,4.608333333333333,NA
Pennsylvania,1999,0,0,Repressive,4.4,NA
Pennsylvania,2000,0,0,Repressive,4.125,NA
Pennsylvania,2001,0,0,Repressive,4.8,NA
Pennsylvania,2002,0,0,Repressive,5.608333333333333,NA
Pennsylvania,2003,0,0,Repressive,5.666666666666667,NA
Pennsylvania,2004,0,0,Repressive,5.425,NA
Pennsylvania,2005,0,0,Repressive,4.966666666666667,NA
Pennsylvania,2006,0,0,Repressive,4.591666666666667,NA
Pennsylvania,2007,0,0,Repressive,4.391666666666667,NA
Pennsylvania,2008,0,0,Repressive,5.316666666666666,32.635878572843886
Pennsylvania,2009,0,0,Repressive,8.05,30.579796255655808
Pennsylvania,2010,0,0,Repressive,8.433333333333334,31.947922230974935
Pennsylvania,2011,0,0,Repressive,7.925,33.045639183602354
Pennsylvania,2012,0,0,Repressive,7.825,33.34820518140091
Pennsylvania,2013,0,0,Repressive,7.341666666666667,32.95184330885656
Pennsylvania,2014,1,1,Neutral,5.875,33.89098757460693
Pennsylvania,2015,1,1,Neutral,5.283333333333333,34.70851612589826
Pennsylvania,2016,1,1,Neutral,5.375,35.63780579733382
Pennsylvania,2017,1,1,Neutral,4.858333333333333,36.204428131659974
Pennsylvania,2018,3,1,Progressive,4.258333333333333,37.26215102492491
Pennsylvania,2019,3,1,Progressive,4.35,37.67201184621951
Pennsylvania,2020,3,1,Progressive,9.372727272727273,NA
Rhode Island,1991,-1,-1,Repressive,8.566666666666666,NA
Rhode Island,1992,-1,-1,Repressive,8.883333333333333,NA
Rhode Island,1993,-1,-1,Repressive,7.766666666666667,NA
Rhode Island,1994,-1,-1,Repressive,6.916666666666667,NA
Rhode Island,1995,1,-1,Neutral,6.316666666666666,NA
Rhode Island,1996,1,-1,Neutral,5.45,NA
Rhode Island,1997,1,-1,Neutral,5.141666666666667,NA
Rhode Island,1998,2,0,Neutral,4.608333333333333,NA
Rhode Island,1999,2,0,Neutral,4.141666666666667,NA
Rhode Island,2000,2,0,Neutral,4.075,NA
Rhode Island,2001,3,0,Progressive,4.558333333333334,NA
Rhode Island,2002,3,0,Progressive,4.983333333333333,NA
Rhode Island,2003,3,0,Progressive,5.333333333333333,NA
Rhode Island,2004,3,0,Progressive,5.158333333333333,NA
Rhode Island,2005,3,0,Progressive,5.041666666666666,NA
Rhode Island,2006,3,0,Progressive,4.941666666666666,NA
Rhode Island,2007,3,0,Progressive,5.191666666666666,NA
Rhode Island,2008,3,0,Progressive,7.808333333333334,32.82692016306361
Rhode Island,2009,4,1,Progressive,10.975,30.864470764002593
Rhode Island,2010,4,1,Progressive,11.2,32.629475879063605
Rhode Island,2011,4,1,Progressive,11.025,33.393251947325346
Rhode Island,2012,4,1,Progressive,10.391666666666666,33.53952001837535
Rhode Island,2013,5,2,Progressive,9.266666666666667,32.81978602075332
Rhode Island,2014,5,2,Progressive,7.691666666666666,33.70555767603834
Rhode Island,2015,5,2,Progressive,6,34.38626751862307
Rhode Island,2016,5,2,Progressive,5.191666666666666,34.83795307931501
Rhode Island,2017,6,2,Progressive,4.416666666666667,35.754810238305396
Rhode Island,2018,6,2,Progressive,3.966666666666667,36.197461137166044
Rhode Island,2019,6,2,Progressive,3.575,36.58726667467566
Rhode Island,2020,6,2,Progressive,9.790909090909091,NA
South Carolina,1991,-1,-1,Repressive,6.141666666666667,NA
South Carolina,1992,-1,-1,Repressive,6.75,NA
South Carolina,1993,-1,-1,Repressive,7.291666666666667,NA
South Carolina,1994,-1,-1,Repressive,6.208333333333333,NA
South Carolina,1995,-1,-1,Repressive,5.191666666666666,NA
South Carolina,1996,-1,-1,Repressive,5.791666666666667,NA
South Carolina,1997,-1,-1,Repressive,4.591666666666667,NA
South Carolina,1998,-1,-1,Repressive,3.775,NA
South Carolina,1999,-1,-1,Repressive,4.258333333333334,NA
South Carolina,2000,-1,-1,Repressive,3.8,NA
South Carolina,2001,-1,-1,Repressive,5.208333333333333,NA
South Carolina,2002,-1,-1,Repressive,5.858333333333333,NA
South Carolina,2003,0,0,Repressive,6.9,NA
South Carolina,2004,0,0,Repressive,6.825,NA
South Carolina,2005,0,0,Repressive,6.716666666666667,NA
South Carolina,2006,-1,0,Repressive,6.458333333333333,NA
South Carolina,2007,-1,0,Repressive,5.6499999999999995,NA
South Carolina,2008,-1,0,Repressive,6.85,25.914044842890732
South Carolina,2009,-1,0,Repressive,11.233333333333334,24.020925867868083
South Carolina,2010,-1,0,Repressive,11.133333333333333,24.66206054588875
South Carolina,2011,-1,0,Repressive,10.541666666666666,25.471418706093946
South Carolina,2012,-1,0,Repressive,9.2,25.776775572654838
South Carolina,2013,-1,0,Repressive,7.616666666666666,25.368489038799314
South Carolina,2014,0,1,Repressive,6.458333333333333,26.32684718394126
South Carolina,2015,1,1,Neutral,5.975,27.16115077473729
South Carolina,2016,1,1,Neutral,5.025,27.901311192868032
South Carolina,2017,1,1,Neutral,4.275,28.679780638494833
South Carolina,2018,0,1,Repressive,3.458333333333333,29.202162617905884
South Carolina,2019,0,1,Repressive,2.8583333333333334,29.496499763380932
South Carolina,2020,1,1,Neutral,6.445454545454545,NA
South Dakota,1991,0,0,Repressive,3.4916666666666667,NA
South Dakota,1992,0,0,Repressive,3.3166666666666664,NA
South Dakota,1993,0,0,Repressive,3.3416666666666663,NA
South Dakota,1994,0,0,Repressive,3.275,NA
South Dakota,1995,0,0,Repressive,3.0416666666666665,NA
South Dakota,1996,0,0,Repressive,3.1500000000000004,NA
South Dakota,1997,0,0,Repressive,2.9416666666666664,NA
South Dakota,1998,0,0,Repressive,2.7916666666666665,NA
South Dakota,1999,0,0,Repressive,2.725,NA
South Dakota,2000,0,0,Repressive,2.4583333333333335,NA
South Dakota,2001,0,0,Repressive,3.091666666666667,NA
South Dakota,2002,0,0,Repressive,3.191666666666667,NA
South Dakota,2003,0,0,Repressive,3.533333333333333,NA
South Dakota,2004,0,0,Repressive,3.716666666666667,NA
South Dakota,2005,0,0,Repressive,3.8,NA
South Dakota,2006,-1,0,Repressive,3.1166666666666667,NA
South Dakota,2007,-1,0,Repressive,2.8249999999999997,NA
South Dakota,2008,-1,0,Repressive,3.1,32.16181240452087
South Dakota,2009,-1,0,Repressive,4.925,29.826468766812592
South Dakota,2010,-1,0,Repressive,4.975,31.276246171988994
South Dakota,2011,-1,0,Repressive,4.725,33.3498937961513
South Dakota,2012,-1,0,Repressive,4.266666666666667,32.74020083207683
South Dakota,2013,-1,0,Repressive,3.783333333333333,32.12187035298193
South Dakota,2014,0,1,Repressive,3.408333333333333,32.85747829088693
South Dakota,2015,2,2,Neutral,3.1,33.517986549020485
South Dakota,2016,2,2,Neutral,2.9833333333333334,33.50990871259587
South Dakota,2017,1,2,Neutral,3.2083333333333335,33.81438981335975
South Dakota,2018,1,2,Neutral,3.075,35.00176318701586
South Dakota,2019,1,2,Neutral,3.283333333333333,35.02993354090325
South Dakota,2020,2,2,Neutral,5.4363636363636365,NA
Tennessee,1991,-1,-1,Repressive,6.783333333333333,NA
Tennessee,1992,-1,-1,Repressive,6.491666666666667,NA
Tennessee,1993,-1,-1,Repressive,5.825,NA
Tennessee,1994,-1,-1,Repressive,4.833333333333333,NA
Tennessee,1995,-1,-1,Repressive,5.166666666666667,NA
Tennessee,1996,0,0,Repressive,5.141666666666667,NA
Tennessee,1997,0,0,Repressive,5.266666666666667,NA
Tennessee,1998,0,0,Repressive,4.3,NA
Tennessee,1999,0,0,Repressive,3.958333333333333,NA
Tennessee,2000,0,0,Repressive,3.8666666666666667,NA
Tennessee,2001,1,0,Neutral,4.575,NA
Tennessee,2002,1,0,Neutral,5.175,NA
Tennessee,2003,1,0,Neutral,5.625,NA
Tennessee,2004,1,0,Neutral,5.358333333333333,NA
Tennessee,2005,1,0,Neutral,5.558333333333334,NA
Tennessee,2006,0,0,Repressive,5.225,NA
Tennessee,2007,0,0,Repressive,4.666666666666667,NA
Tennessee,2008,0,0,Repressive,6.625,27.382627931493364
Tennessee,2009,0,0,Repressive,10.458333333333334,25.938693233938302
Tennessee,2010,0,0,Repressive,9.633333333333333,27.08966802152233
Tennessee,2011,1,0,Neutral,8.966666666666667,28.12000369936401
Tennessee,2012,1,0,Neutral,7.825,28.476923612680476
Tennessee,2013,1,0,Neutral,7.733333333333333,27.988335238266707
Tennessee,2014,1,0,Neutral,6.6,28.5485072894328
Tennessee,2015,4,2,Progressive,5.6,29.35078874724818
Tennessee,2016,4,2,Progressive,4.733333333333333,30.003761544530576
Tennessee,2017,4,2,Progressive,3.7666666666666666,30.721399048500647
Tennessee,2018,4,2,Progressive,3.525,31.39538388575644
Tennessee,2019,4,2,Progressive,3.3916666666666666,31.603670814746188
Tennessee,2020,4,2,Progressive,7.590909090909091,NA
Texas,1991,-1,-1,Repressive,6.925,NA
Texas,1992,-1,-1,Repressive,7.633333333333333,NA
Texas,1993,-1,-1,Repressive,7.158333333333333,NA
Texas,1994,-1,-1,Repressive,6.491666666666667,NA
Texas,1995,-1,-1,Repressive,6.058333333333334,NA
Texas,1996,-1,-1,Repressive,5.691666666666666,NA
Texas,1997,-1,-1,Repressive,5.3,NA
Texas,1998,-1,-1,Repressive,4.883333333333334,NA
Texas,1999,-1,-1,Repressive,4.666666666666667,NA
Texas,2000,-1,-1,Repressive,4.275,NA
Texas,2001,-1,-1,Repressive,4.958333333333333,NA
Texas,2002,0,-1,Repressive,6.366666666666667,NA
Texas,2003,1,0,Neutral,6.691666666666666,NA
Texas,2004,1,0,Neutral,5.941666666666666,NA
Texas,2005,0,0,Repressive,5.408333333333333,NA
Texas,2006,0,0,Repressive,4.891666666666667,NA
Texas,2007,0,0,Repressive,4.275,NA
Texas,2008,0,0,Repressive,4.825,30.8740505741509
Texas,2009,0,0,Repressive,7.566666666666666,27.79437732957119
Texas,2010,0,0,Repressive,8.133333333333333,29.082661576635587
Texas,2011,0,0,Repressive,7.758333333333334,30.832878365064563
Texas,2012,0,0,Repressive,6.741666666666667,31.45534777921439
Texas,2013,0,0,Repressive,6.25,31.09452145037236
Texas,2014,0,0,Repressive,5.116666666666667,32.40474944419306
Texas,2015,2,1,Neutral,4.425000000000001,32.054785073679085
Texas,2016,2,1,Neutral,4.633333333333334,31.500992298724015
Texas,2017,1,1,Neutral,4.308333333333334,32.86829053021334
Texas,2018,1,1,Neutral,3.841666666666667,34.00623491595089
Texas,2019,1,1,Neutral,3.5083333333333333,34.284049518100204
Texas,2020,2,1,Neutral,7.736363636363636,NA
Utah,1991,-1,-1,Repressive,4.708333333333333,NA
Utah,1992,-1,-1,Repressive,4.833333333333333,NA
Utah,1993,-1,-1,Repressive,4.083333333333333,NA
Utah,1994,-1,-1,Repressive,3.7916666666666665,NA
Utah,1995,-1,-1,Repressive,3.5,NA
Utah,1996,-1,-1,Repressive,3.3499999999999996,NA
Utah,1997,-1,-1,Repressive,3.191666666666667,NA
Utah,1998,-1,-1,Repressive,3.6500000000000004,NA
Utah,1999,-1,-1,Repressive,3.566666666666667,NA
Utah,2000,-1,-1,Repressive,3.35,NA
Utah,2001,-1,-1,Repressive,4.408333333333333,NA
Utah,2002,-1,-1,Repressive,5.791666666666667,NA
Utah,2003,0,0,Repressive,5.65,NA
Utah,2004,-1,0,Repressive,4.966666666666667,NA
Utah,2005,-1,0,Repressive,4.075,NA
Utah,2006,-1,0,Repressive,2.9833333333333334,NA
Utah,2007,-1,0,Repressive,2.591666666666667,NA
Utah,2008,-1,0,Repressive,3.5833333333333335,26.61767539123086
Utah,2009,-1,0,Repressive,7.316666666666666,24.101179851604144
Utah,2010,-1,0,Repressive,7.833333333333333,24.432596552886768
Utah,2011,-1,0,Repressive,6.75,25.564862997417336
Utah,2012,-1,0,Repressive,5.4,26.18984169794056
Utah,2013,-1,0,Repressive,4.591666666666667,26.077054487869358
Utah,2014,0,1,Repressive,3.8166666666666664,26.95660910360815
Utah,2015,3,1,Progressive,3.6,28.161636301170724
Utah,2016,3,1,Progressive,3.45,29.143386866764843
Utah,2017,3,1,Progressive,3.2583333333333333,30.00486297978603
Utah,2018,3,1,Progressive,3.05,31.26105074563946
Utah,2019,4,1,Progressive,2.6,31.76920643338394
Utah,2020,5,1,Progressive,5.009090909090909,NA
Vermont,1991,0,0,Repressive,6.566666666666666,NA
Vermont,1992,2,0,Neutral,6.108333333333333,NA
Vermont,1993,2,0,Neutral,5.158333333333333,NA
Vermont,1994,2,0,Neutral,4.566666666666666,NA
Vermont,1995,2,0,Neutral,4.258333333333333,NA
Vermont,1996,2,0,Neutral,4.275,NA
Vermont,1997,2,0,Neutral,3.9166666666666665,NA
Vermont,1998,2,0,Neutral,3.4,NA
Vermont,1999,2,0,Neutral,2.95,NA
Vermont,2000,2,0,Neutral,2.8,NA
Vermont,2001,3,0,Progressive,3.3083333333333336,NA
Vermont,2002,3,0,Progressive,3.9916666666666667,NA
Vermont,2003,3,0,Progressive,4.3,NA
Vermont,2004,3,0,Progressive,3.6666666666666665,NA
Vermont,2005,3,0,Progressive,3.4916666666666667,NA
Vermont,2006,3,0,Progressive,3.683333333333333,NA
Vermont,2007,3,0,Progressive,4.025,NA
Vermont,2008,3,0,Progressive,4.708333333333333,32.157881507602774
Vermont,2009,5,2,Progressive,6.566666666666666,30.492728254432723
Vermont,2010,5,2,Progressive,6.083333333333333,31.48975405951733
Vermont,2011,5,2,Progressive,5.466666666666667,32.731666364755775
Vermont,2012,5,2,Progressive,4.925,32.86701937931368
Vermont,2013,5,2,Progressive,4.408333333333333,32.617440176079015
Vermont,2014,5,2,Progressive,3.933333333333333,33.44945449537381
Vermont,2015,5,2,Progressive,3.5583333333333336,34.01168794093567
Vermont,2016,6,2,Progressive,3.216666666666667,34.67633193680904
Vermont,2017,6,2,Progressive,2.9416666666666664,35.11162572923171
Vermont,2018,6,2,Progressive,2.55,35.59894714654582
Vermont,2019,6,2,Progressive,2.3666666666666667,35.893964554263434
Vermont,2020,6,2,Progressive,6.4,NA
Virginia,1991,-1,-1,Repressive,5.908333333333333,NA
Virginia,1992,-1,-1,Repressive,6.266666666666667,NA
Virginia,1993,-1,-1,Repressive,5.258333333333333,NA
Virginia,1994,-1,-1,Repressive,4.841666666666667,NA
Virginia,1995,-1,-1,Repressive,4.525,NA
Virginia,1996,-1,-1,Repressive,4.433333333333334,NA
Virginia,1997,-1,-1,Repressive,3.841666666666667,NA
Virginia,1998,-1,-1,Repressive,2.9,NA
Virginia,1999,-1,-1,Repressive,2.75,NA
Virginia,2000,-1,-1,Repressive,2.3,NA
Virginia,2001,-1,-1,Repressive,3.2333333333333334,NA
Virginia,2002,-1,-1,Repressive,4.225,NA
Virginia,2003,0,0,Repressive,4.125,NA
Virginia,2004,0,0,Repressive,3.8,NA
Virginia,2005,0,0,Repressive,3.575,NA
Virginia,2006,-1,0,Repressive,3.1166666666666667,NA
Virginia,2007,-1,0,Repressive,3.0416666666666665,NA
Virginia,2008,-1,0,Repressive,3.9583333333333335,35.72163265355337
Virginia,2009,-1,0,Repressive,6.683333333333334,33.40534217360845
Virginia,2010,0,1,Repressive,7.125,34.56776278683865
Virginia,2011,0,1,Repressive,6.591666666666667,35.71141792647592
Virginia,2012,-1,1,Repressive,6.058333333333334,35.93385419020699
Virginia,2013,-1,1,Repressive,5.7,34.68846764595609
Virginia,2014,0,2,Repressive,5.233333333333333,35.51927200467899
Virginia,2015,1,2,Neutral,4.458333333333333,36.31631633527339
Virginia,2016,1,2,Neutral,4.1,36.99542339438382
Virginia,2017,1,2,Neutral,3.7,37.78352420726327
Virginia,2018,1,2,Neutral,3.0416666666666665,38.546961058122996
Virginia,2019,1,2,Neutral,2.8,38.726895690479694
Virginia,2020,5,2,Progressive,6.109090909090909,NA
Washington,1991,0,0,Repressive,6.35,NA
Washington,1992,0,0,Repressive,7.341666666666667,NA
Washington,1993,1,0,Neutral,7.35,NA
Washington,1994,1,0,Neutral,6.533333333333333,NA
Washington,1995,1,0,Neutral,6.425,NA
Washington,1996,1,0,Neutral,6.05,NA
Washington,1997,1,0,Neutral,4.941666666666666,NA
Washington,1998,1,0,Neutral,4.775,NA
Washington,1999,1,0,Neutral,4.883333333333334,NA
Washington,2000,1,0,Neutral,5.158333333333333,NA
Washington,2001,1,0,Neutral,6.291666666666667,NA
Washington,2002,1,0,Neutral,7.383333333333333,NA
Washington,2003,1,0,Neutral,7.416666666666667,NA
Washington,2004,1,0,Neutral,6.258333333333334,NA
Washington,2005,1,0,Neutral,5.541666666666667,NA
Washington,2006,3,0,Progressive,5.05,NA
Washington,2007,3,0,Progressive,4.691666666666666,NA
Washington,2008,3,0,Progressive,5.408333333333333,35.03058097535117
Washington,2009,3,0,Progressive,9.116666666666667,31.766949524506224
Washington,2010,3,0,Progressive,9.991666666666667,32.42584558063801
Washington,2011,3,0,Progressive,9.275,33.39773727330887
Washington,2012,4,1,Progressive,8.108333333333334,34.59537500879868
Washington,2013,5,2,Progressive,7.033333333333333,34.28945583996674
Washington,2014,5,2,Progressive,6.125,36.03777598520473
Washington,2015,5,2,Progressive,5.641666666666667,37.09301810665461
Washington,2016,5,2,Progressive,5.258333333333334,38.37779997496665
Washington,2017,5,2,Progressive,4.708333333333333,39.68930639571182
Washington,2018,6,2,Progressive,4.458333333333334,41.369952047215044
Washington,2019,6,2,Progressive,4.258333333333334,42.03825722252349
Washington,2020,6,2,Progressive,8.463636363636363,NA
West Virginia,1991,0,0,Repressive,10.666666666666666,NA
West Virginia,1992,0,0,Repressive,11.316666666666666,NA
West Virginia,1993,0,0,Repressive,10.641666666666666,NA
West Virginia,1994,0,0,Repressive,8.825,NA
West Virginia,1995,0,0,Repressive,7.875,NA
West Virginia,1996,0,0,Repressive,7.483333333333333,NA
West Virginia,1997,0,0,Repressive,6.85,NA
West Virginia,1998,0,0,Repressive,6.616666666666667,NA
West Virginia,1999,0,0,Repressive,6.45,NA
West Virginia,2000,0,0,Repressive,5.483333333333333,NA
West Virginia,2001,0,0,Repressive,5.025,NA
West Virginia,2002,0,0,Repressive,5.916666666666667,NA
West Virginia,2003,0,0,Repressive,6.041666666666667,NA
West Virginia,2004,0,0,Repressive,5.316666666666666,NA
West Virginia,2005,0,0,Repressive,5.1,NA
West Virginia,2006,0,0,Repressive,4.95,NA
West Virginia,2007,0,0,Repressive,4.558333333333334,NA
West Virginia,2008,0,0,Repressive,4.366666666666666,24.574395173201825
West Virginia,2009,0,0,Repressive,7.708333333333333,23.74382249006244
West Virginia,2010,0,0,Repressive,8.625,24.556446323944133
West Virginia,2011,0,0,Repressive,8.058333333333334,25.51178663994565
West Virginia,2012,0,0,Repressive,7.491666666666666,25.44777202725182
West Virginia,2013,0,0,Repressive,6.791666666666666,24.81044049875016
West Virginia,2014,1,1,Neutral,6.633333333333333,25.296836577552746
West Virginia,2015,1,1,Neutral,6.733333333333333,25.51892229535412
West Virginia,2016,1,1,Neutral,6.075,25.514820280120567
West Virginia,2017,2,2,Neutral,5.191666666666666,26.43848298279983
West Virginia,2018,2,2,Neutral,5.208333333333333,27.39332033514254
West Virginia,2019,2,2,Neutral,4.883333333333333,27.469175304535064
West Virginia,2020,3,2,Progressive,8.663636363636364,NA
Wisconsin,1991,2,0,Neutral,5.475,NA
Wisconsin,1992,2,0,Neutral,5.116666666666666,NA
Wisconsin,1993,2,0,Neutral,4.783333333333333,NA
Wisconsin,1994,2,0,Neutral,4.483333333333333,NA
Wisconsin,1995,2,0,Neutral,3.775,NA
Wisconsin,1996,2,0,Neutral,3.625,NA
Wisconsin,1997,2,0,Neutral,3.55,NA
Wisconsin,1998,2,0,Neutral,3.3583333333333334,NA
Wisconsin,1999,2,0,Neutral,3.125,NA
Wisconsin,2000,2,0,Neutral,3.541666666666667,NA
Wisconsin,2001,2,0,Neutral,4.525,NA
Wisconsin,2002,3,0,Progressive,5.383333333333334,NA
Wisconsin,2003,3,0,Progressive,5.7,NA
Wisconsin,2004,3,0,Progressive,5.025,NA
Wisconsin,2005,3,0,Progressive,4.716666666666667,NA
Wisconsin,2006,2,0,Neutral,4.741666666666667,NA
Wisconsin,2007,2,0,Neutral,4.891666666666667,NA
Wisconsin,2008,2,0,Neutral,4.925,30.590239816663992
Wisconsin,2009,2,0,Neutral,8.575,28.823293970111827
Wisconsin,2010,2,0,Neutral,8.641666666666666,29.630487864564167
Wisconsin,2011,2,0,Neutral,7.758333333333334,30.77980200759288
Wisconsin,2012,2,0,Neutral,7.033333333333333,31.185767781659496
Wisconsin,2013,2,0,Neutral,6.7,30.66143034422734
Wisconsin,2014,3,1,Progressive,5.4,31.448211061765683
Wisconsin,2015,4,1,Progressive,4.525,32.26548608612824
Wisconsin,2016,4,1,Progressive,4.008333333333333,32.73550272765246
Wisconsin,2017,4,1,Progressive,3.2666666666666666,33.45917809398749
Wisconsin,2018,4,1,Progressive,3,34.333422564156606
Wisconsin,2019,4,1,Progressive,3.35,34.55280146365326
Wisconsin,2020,4,1,Progressive,6.745454545454545,NA
Wyoming,1991,0,0,Repressive,5.241666666666666,NA
Wyoming,1992,0,0,Repressive,5.575,NA
Wyoming,1993,0,0,Repressive,5.375,NA
Wyoming,1994,0,0,Repressive,4.958333333333333,NA
Wyoming,1995,0,0,Repressive,4.775,NA
Wyoming,1996,0,0,Repressive,4.941666666666666,NA
Wyoming,1997,0,0,Repressive,4.758333333333333,NA
Wyoming,1998,0,0,Repressive,4.7,NA
Wyoming,1999,0,0,Repressive,4.616666666666666,NA
Wyoming,2000,0,0,Repressive,3.8833333333333333,NA
Wyoming,2001,0,0,Repressive,3.8,NA
Wyoming,2002,0,0,Repressive,4.033333333333333,NA
Wyoming,2003,0,0,Repressive,4.266666666666667,NA
Wyoming,2004,0,0,Repressive,3.8166666666666664,NA
Wyoming,2005,0,0,Repressive,3.575,NA
Wyoming,2006,0,0,Repressive,3.1750000000000003,NA
Wyoming,2007,0,0,Repressive,2.85,NA
Wyoming,2008,0,0,Repressive,3.0666666666666664,38.20281478825889
Wyoming,2009,0,0,Repressive,6.333333333333333,33.11461076082876
Wyoming,2010,0,0,Repressive,6.45,34.734162172492404
Wyoming,2011,0,0,Repressive,5.791666666666667,37.366503214395735
Wyoming,2012,0,0,Repressive,5.308333333333334,38.78763384174241
Wyoming,2013,0,0,Repressive,4.716666666666667,37.55254882987247
Wyoming,2014,1,1,Neutral,4.133333333333333,39.68199829367714
Wyoming,2015,1,1,Neutral,4.333333333333333,39.12428603712855
Wyoming,2016,1,1,Neutral,5.316666666666666,37.25401722239335
Wyoming,2017,1,1,Neutral,4.166666666666666,38.3900329365165
Wyoming,2018,1,1,Neutral,3.8666666666666667,40.359128418612
Wyoming,2019,1,1,Neutral,3.6,40.37056700965925
Wyoming,2020,2,1,Neutral,6.1454545454545455,NA
